ID,X,Y,spud year,Direction
Fut_GW_00001,6.187581E+05,3.542930E+06,2037,H
Fut_GW_00002,6.348912E+05,3.572171E+06,2039,H
Fut_GW_00003,6.187254E+05,3.577175E+06,2024,H
Fut_GW_00004,6.133891E+05,3.545524E+06,2034,H
Fut_GW_00005,6.200874E+05,3.545942E+06,2046,H
Fut_GW_00006,6.300496E+05,3.547399E+06,2039,H
Fut_GW_00007,6.194234E+05,3.554227E+06,2043,H
Fut_GW_00008,6.166680E+05,3.559173E+06,2026,H
Fut_GW_00009,6.266116E+05,3.564682E+06,2035,H
Fut_GW_00010,6.193902E+05,3.552197E+06,2033,H
Fut_GW_00011,6.220873E+05,3.567567E+06,2045,H
Fut_GW_00012,6.311869E+05,3.542412E+06,2025,H
Fut_GW_00013,6.346489E+05,3.562627E+06,2025,H
Fut_GW_00014,6.062965E+05,3.574191E+06,2040,H
Fut_GW_00015,6.305724E+05,3.569242E+06,2030,H
Fut_GW_00016,6.177043E+05,3.542302E+06,2028,H
Fut_GW_00017,6.061306E+05,3.542063E+06,2040,H
Fut_GW_00018,6.147156E+05,3.575878E+06,2036,H
Fut_GW_00019,6.065211E+05,3.557404E+06,2040,H
Fut_GW_00020,6.230928E+05,3.544622E+06,2033,H
Fut_GW_00021,6.082606E+05,3.564129E+06,2042,H
Fut_GW_00022,6.283503E+05,3.548149E+06,2024,H
Fut_GW_00023,6.090785E+05,3.551809E+06,2032,H
Fut_GW_00024,6.137798E+05,3.550038E+06,2025,H
Fut_GW_00025,6.078267E+05,3.565100E+06,2032,H
Fut_GW_00026,6.069088E+05,3.567775E+06,2026,H
Fut_GW_00027,6.207386E+05,3.560774E+06,2038,H
Fut_GW_00028,6.153302E+05,3.563231E+06,2041,H
Fut_GW_00029,6.162114E+05,3.546959E+06,2037,H
Fut_GW_00030,6.251501E+05,3.576328E+06,2023,H
Fut_GW_00031,6.094437E+05,3.546437E+06,2022,H
Fut_GW_00032,6.294583E+05,3.562435E+06,2034,H
Fut_GW_00033,6.077011E+05,3.576164E+06,2027,H
Fut_GW_00034,6.067281E+05,3.565358E+06,2040,H
Fut_GW_00035,6.269533E+05,3.553312E+06,2026,H
Fut_GW_00036,6.199879E+05,3.557756E+06,2024,H
Fut_GW_00037,6.256865E+05,3.570968E+06,2043,H
Fut_GW_00038,6.091679E+05,3.577352E+06,2043,H
Fut_GW_00039,6.111891E+05,3.565496E+06,2043,H
Fut_GW_00040,6.302093E+05,3.569348E+06,2032,H
Fut_GW_00041,6.085029E+05,3.570401E+06,2039,H
Fut_GW_00042,6.121511E+05,3.571218E+06,2037,H
Fut_GW_00043,6.106026E+05,3.568312E+06,2028,H
Fut_GW_00044,6.221991E+05,3.573912E+06,2043,H
Fut_GW_00045,6.181387E+05,3.575277E+06,2024,H
Fut_GW_00046,6.341691E+05,3.561360E+06,2041,H
Fut_GW_00047,6.241079E+05,3.549774E+06,2028,H
Fut_GW_00048,6.092832E+05,3.549626E+06,2038,H
Fut_GW_00049,6.057144E+05,3.574041E+06,2030,H
Fut_GW_00050,6.055326E+05,3.561216E+06,2043,H
Fut_GW_00051,6.175627E+05,3.544013E+06,2021,H
Fut_GW_00052,6.235624E+05,3.574597E+06,2043,H
Fut_GW_00053,6.232430E+05,3.569639E+06,2039,H
Fut_GW_00054,6.201439E+05,3.568595E+06,2042,H
Fut_GW_00055,6.186546E+05,3.547467E+06,2022,H
Fut_GW_00056,6.308379E+05,3.549571E+06,2027,H
Fut_GW_00057,6.147831E+05,3.554478E+06,2040,H
Fut_GW_00058,6.204276E+05,3.567968E+06,2038,H
Fut_GW_00059,6.320761E+05,3.545315E+06,2040,H
Fut_GW_00060,6.066093E+05,3.564328E+06,2035,H
Fut_GW_00061,6.279048E+05,3.558172E+06,2025,H
Fut_GW_00062,6.113894E+05,3.574329E+06,2046,H
Fut_GW_00063,6.155569E+05,3.557212E+06,2034,H
Fut_GW_00064,6.086938E+05,3.544997E+06,2029,H
Fut_GW_00065,6.345087E+05,3.549940E+06,2024,H
Fut_GW_00066,6.095816E+05,3.550120E+06,2040,H
Fut_GW_00067,6.150829E+05,3.548526E+06,2034,H
Fut_GW_00068,6.129931E+05,3.550349E+06,2032,H
Fut_GW_00069,6.246178E+05,3.555568E+06,2024,H
Fut_GW_00070,6.123018E+05,3.549632E+06,2028,H
Fut_GW_00071,6.151373E+05,3.570365E+06,2027,H
Fut_GW_00072,6.276667E+05,3.565082E+06,2038,H
Fut_GW_00073,6.059790E+05,3.561597E+06,2035,H
Fut_GW_00074,6.225382E+05,3.576634E+06,2044,H
Fut_GW_00075,6.125978E+05,3.545680E+06,2030,H
Fut_GW_00076,6.124915E+05,3.554648E+06,2044,H
Fut_GW_00077,6.056189E+05,3.561433E+06,2029,H
Fut_GW_00078,6.251305E+05,3.570899E+06,2042,H
Fut_GW_00079,6.050729E+05,3.553245E+06,2022,H
Fut_GW_00080,6.223196E+05,3.553638E+06,2042,H
Fut_GW_00081,6.192302E+05,3.553203E+06,2037,H
Fut_GW_00082,6.136669E+05,3.568425E+06,2025,H
Fut_GW_00083,6.052471E+05,3.572963E+06,2035,H
Fut_GW_00084,6.155451E+05,3.542612E+06,2022,H
Fut_GW_00085,6.082236E+05,3.572693E+06,2040,H
Fut_GW_00086,6.063033E+05,3.576465E+06,2025,H
Fut_GW_00087,6.309395E+05,3.553143E+06,2037,H
Fut_GW_00088,6.126576E+05,3.544507E+06,2027,H
Fut_GW_00089,6.126413E+05,3.548848E+06,2037,H
Fut_GW_00090,6.174955E+05,3.572312E+06,2044,H
Fut_GW_00091,6.311962E+05,3.547687E+06,2023,H
Fut_GW_00092,6.189856E+05,3.567120E+06,2040,H
Fut_GW_00093,6.316420E+05,3.566239E+06,2035,H
Fut_GW_00094,6.321470E+05,3.556223E+06,2037,H
Fut_GW_00095,6.251224E+05,3.560985E+06,2035,H
Fut_GW_00096,6.044062E+05,3.546593E+06,2029,H
Fut_GW_00097,6.183218E+05,3.572235E+06,2027,H
Fut_GW_00098,6.238624E+05,3.561106E+06,2036,H
Fut_GW_00099,6.231307E+05,3.560449E+06,2021,H
Fut_GW_00100,6.234124E+05,3.561551E+06,2046,H
Fut_GW_00101,6.126034E+05,3.547969E+06,2028,H
Fut_GW_00102,6.328849E+05,3.541360E+06,2040,H
Fut_GW_00103,6.230067E+05,3.543894E+06,2021,H
Fut_GW_00104,6.215089E+05,3.542339E+06,2023,H
Fut_GW_00105,6.268043E+05,3.541501E+06,2043,H
Fut_GW_00106,6.057938E+05,3.560543E+06,2026,H
Fut_GW_00107,6.155752E+05,3.574819E+06,2030,H
Fut_GW_00108,6.301876E+05,3.554026E+06,2035,H
Fut_GW_00109,6.203119E+05,3.566205E+06,2041,H
Fut_GW_00110,6.092428E+05,3.568855E+06,2032,H
Fut_GW_00111,6.041503E+05,3.574289E+06,2035,H
Fut_GW_00112,6.185551E+05,3.558857E+06,2026,H
Fut_GW_00113,6.142550E+05,3.550351E+06,2025,H
Fut_GW_00114,6.329587E+05,3.562832E+06,2037,H
Fut_GW_00115,6.210494E+05,3.562711E+06,2040,H
Fut_GW_00116,6.311518E+05,3.563192E+06,2026,H
Fut_GW_00117,6.311361E+05,3.546674E+06,2027,H
Fut_GW_00118,6.261872E+05,3.543692E+06,2023,H
Fut_GW_00119,6.216709E+05,3.567420E+06,2039,H
Fut_GW_00120,6.191744E+05,3.542425E+06,2042,H
Fut_GW_00121,6.053649E+05,3.556474E+06,2038,H
Fut_GW_00122,6.189418E+05,3.559452E+06,2022,H
Fut_GW_00123,6.104548E+05,3.566150E+06,2034,H
Fut_GW_00124,6.324248E+05,3.542916E+06,2045,H
Fut_GW_00125,6.132062E+05,3.568224E+06,2042,H
Fut_GW_00126,6.158950E+05,3.558671E+06,2041,H
Fut_GW_00127,6.345850E+05,3.570475E+06,2026,H
Fut_GW_00128,6.258389E+05,3.559202E+06,2034,H
Fut_GW_00129,6.199457E+05,3.547370E+06,2040,H
Fut_GW_00130,6.178736E+05,3.570454E+06,2045,H
Fut_GW_00131,6.046559E+05,3.565596E+06,2024,H
Fut_GW_00132,6.139023E+05,3.550152E+06,2025,H
Fut_GW_00133,6.329793E+05,3.548497E+06,2046,H
Fut_GW_00134,6.311906E+05,3.567537E+06,2046,H
Fut_GW_00135,6.279538E+05,3.550591E+06,2031,H
Fut_GW_00136,6.097471E+05,3.576899E+06,2031,H
Fut_GW_00137,6.253842E+05,3.572346E+06,2029,H
Fut_GW_00138,6.254376E+05,3.566395E+06,2021,H
Fut_GW_00139,6.236928E+05,3.544267E+06,2027,H
Fut_GW_00140,6.045509E+05,3.557304E+06,2021,H
Fut_GW_00141,6.224453E+05,3.543149E+06,2026,H
Fut_GW_00142,6.150666E+05,3.556565E+06,2046,H
Fut_GW_00143,6.165829E+05,3.551064E+06,2029,H
Fut_GW_00144,6.348751E+05,3.565272E+06,2044,H
Fut_GW_00145,6.106498E+05,3.558051E+06,2042,H
Fut_GW_00146,6.059590E+05,3.575277E+06,2044,H
Fut_GW_00147,6.329298E+05,3.549222E+06,2039,H
Fut_GW_00148,6.270505E+05,3.573475E+06,2033,H
Fut_GW_00149,6.069730E+05,3.546433E+06,2023,H
Fut_GW_00150,6.079941E+05,3.566529E+06,2030,H
Fut_GW_00151,6.342221E+05,3.572088E+06,2032,H
Fut_GW_00152,6.143794E+05,3.541475E+06,2040,H
Fut_GW_00153,6.259237E+05,3.554538E+06,2037,H
Fut_GW_00154,6.112146E+05,3.576786E+06,2027,H
Fut_GW_00155,6.196339E+05,3.554834E+06,2027,H
Fut_GW_00156,6.237639E+05,3.575395E+06,2038,H
Fut_GW_00157,6.095669E+05,3.552375E+06,2034,H
Fut_GW_00158,6.269621E+05,3.553281E+06,2041,H
Fut_GW_00159,6.068575E+05,3.552143E+06,2021,H
Fut_GW_00160,6.085984E+05,3.563655E+06,2021,H
Fut_GW_00161,6.149566E+05,3.568063E+06,2043,H
Fut_GW_00162,6.325826E+05,3.546362E+06,2023,H
Fut_GW_00163,6.213497E+05,3.555412E+06,2021,H
Fut_GW_00164,6.311664E+05,3.563389E+06,2033,H
Fut_GW_00165,6.336521E+05,3.573878E+06,2045,H
Fut_GW_00166,6.180334E+05,3.560743E+06,2029,H
Fut_GW_00167,6.079504E+05,3.559824E+06,2040,H
Fut_GW_00168,6.048976E+05,3.549812E+06,2045,H
Fut_GW_00169,6.141108E+05,3.564592E+06,2042,H
Fut_GW_00170,6.061245E+05,3.557585E+06,2046,H
Fut_GW_00171,6.149323E+05,3.555624E+06,2026,H
Fut_GW_00172,6.050078E+05,3.550536E+06,2033,H
Fut_GW_00173,6.272348E+05,3.547793E+06,2035,H
Fut_GW_00174,6.308431E+05,3.573986E+06,2030,H
Fut_GW_00175,6.187439E+05,3.547834E+06,2022,H
Fut_GW_00176,6.254718E+05,3.541742E+06,2026,H
Fut_GW_00177,6.257490E+05,3.563127E+06,2037,H
Fut_GW_00178,6.170287E+05,3.549036E+06,2031,H
Fut_GW_00179,6.328954E+05,3.548196E+06,2037,H
Fut_GW_00180,6.249354E+05,3.551709E+06,2039,H
Fut_GW_00181,6.145231E+05,3.562710E+06,2035,H
Fut_GW_00182,6.086467E+05,3.572243E+06,2037,H
Fut_GW_00183,6.345840E+05,3.551424E+06,2044,H
Fut_GW_00184,6.238211E+05,3.569258E+06,2021,H
Fut_GW_00185,6.317462E+05,3.549946E+06,2042,H
Fut_GW_00186,6.070831E+05,3.567184E+06,2038,H
Fut_GW_00187,6.257083E+05,3.555112E+06,2025,H
Fut_GW_00188,6.324241E+05,3.559408E+06,2024,H
Fut_GW_00189,6.119737E+05,3.542256E+06,2025,H
Fut_GW_00190,6.151870E+05,3.576973E+06,2036,H
Fut_GW_00191,6.168739E+05,3.569670E+06,2026,H
Fut_GW_00192,6.247933E+05,3.575965E+06,2025,H
Fut_GW_00193,6.227068E+05,3.562595E+06,2045,H
Fut_GW_00194,6.249434E+05,3.561147E+06,2036,H
Fut_GW_00195,6.083040E+05,3.565122E+06,2034,H
Fut_GW_00196,6.279161E+05,3.575754E+06,2024,H
Fut_GW_00197,6.264447E+05,3.550493E+06,2031,H
Fut_GW_00198,6.316481E+05,3.560112E+06,2040,H
Fut_GW_00199,6.147753E+05,3.547193E+06,2041,H
Fut_GW_00200,6.213262E+05,3.552292E+06,2022,H
Fut_GW_00201,6.344293E+05,3.550020E+06,2035,H
Fut_GW_00202,6.331986E+05,3.553724E+06,2033,H
Fut_GW_00203,6.172095E+05,3.573013E+06,2038,H
Fut_GW_00204,6.213513E+05,3.563588E+06,2041,H
Fut_GW_00205,6.345545E+05,3.563889E+06,2030,H
Fut_GW_00206,6.247735E+05,3.570493E+06,2029,H
Fut_GW_00207,6.343068E+05,3.571278E+06,2043,H
Fut_GW_00208,6.192777E+05,3.568808E+06,2034,H
Fut_GW_00209,6.093298E+05,3.560253E+06,2038,H
Fut_GW_00210,6.243126E+05,3.568731E+06,2037,H
Fut_GW_00211,6.244016E+05,3.554937E+06,2037,H
Fut_GW_00212,6.143728E+05,3.570111E+06,2025,H
Fut_GW_00213,6.236549E+05,3.552835E+06,2043,H
Fut_GW_00214,6.153568E+05,3.568495E+06,2035,H
Fut_GW_00215,6.053879E+05,3.575672E+06,2046,H
Fut_GW_00216,6.291403E+05,3.562711E+06,2045,H
Fut_GW_00217,6.106140E+05,3.571535E+06,2030,H
Fut_GW_00218,6.127257E+05,3.560131E+06,2043,H
Fut_GW_00219,6.280764E+05,3.567741E+06,2042,H
Fut_GW_00220,6.197599E+05,3.542654E+06,2034,H
Fut_GW_00221,6.111048E+05,3.558220E+06,2037,H
Fut_GW_00222,6.056510E+05,3.550554E+06,2030,H
Fut_GW_00223,6.194488E+05,3.562043E+06,2041,H
Fut_GW_00224,6.276029E+05,3.551086E+06,2023,H
Fut_GW_00225,6.258648E+05,3.573284E+06,2043,H
Fut_GW_00226,6.222463E+05,3.575452E+06,2040,H
Fut_GW_00227,6.346119E+05,3.568212E+06,2034,H
Fut_GW_00228,6.134325E+05,3.552922E+06,2043,H
Fut_GW_00229,6.308649E+05,3.544712E+06,2036,H
Fut_GW_00230,6.078101E+05,3.543337E+06,2029,H
Fut_GW_00231,6.145397E+05,3.576955E+06,2045,H
Fut_GW_00232,6.082938E+05,3.573099E+06,2028,H
Fut_GW_00233,6.339616E+05,3.577754E+06,2026,H
Fut_GW_00234,6.218113E+05,3.567924E+06,2029,H
Fut_GW_00235,6.173796E+05,3.559981E+06,2043,H
Fut_GW_00236,6.260194E+05,3.561711E+06,2043,H
Fut_GW_00237,6.245828E+05,3.558955E+06,2032,H
Fut_GW_00238,6.065699E+05,3.563004E+06,2025,H
Fut_GW_00239,6.113938E+05,3.553140E+06,2032,H
Fut_GW_00240,6.077922E+05,3.575749E+06,2026,H
Fut_GW_00241,6.101788E+05,3.571082E+06,2043,H
Fut_GW_00242,6.159833E+05,3.549345E+06,2027,H
Fut_GW_00243,6.209917E+05,3.564265E+06,2043,H
Fut_GW_00244,6.330754E+05,3.568858E+06,2041,H
Fut_GW_00245,6.074556E+05,3.553679E+06,2031,H
Fut_GW_00246,6.270770E+05,3.542250E+06,2039,H
Fut_GW_00247,6.182674E+05,3.568187E+06,2039,H
Fut_GW_00248,6.345434E+05,3.568156E+06,2028,H
Fut_GW_00249,6.177581E+05,3.576277E+06,2027,H
Fut_GW_00250,6.243854E+05,3.552430E+06,2039,H
Fut_GW_00251,6.318318E+05,3.559260E+06,2043,H
Fut_GW_00252,6.135831E+05,3.557514E+06,2027,H
Fut_GW_00253,6.275576E+05,3.549856E+06,2029,H
Fut_GW_00254,6.171199E+05,3.572286E+06,2036,H
Fut_GW_00255,6.292233E+05,3.547631E+06,2031,H
Fut_GW_00256,6.256024E+05,3.572951E+06,2045,H
Fut_GW_00257,6.108025E+05,3.557094E+06,2044,H
Fut_GW_00258,6.250834E+05,3.560695E+06,2039,H
Fut_GW_00259,6.321455E+05,3.548118E+06,2022,H
Fut_GW_00260,6.059048E+05,3.566377E+06,2024,H
Fut_GW_00261,6.226144E+05,3.551893E+06,2027,H
Fut_GW_00262,6.079426E+05,3.550276E+06,2038,H
Fut_GW_00263,6.298649E+05,3.545501E+06,2028,H
Fut_GW_00264,6.340180E+05,3.567813E+06,2046,H
Fut_GW_00265,6.078291E+05,3.562866E+06,2023,H
Fut_GW_00266,6.334829E+05,3.545607E+06,2021,H
Fut_GW_00267,6.065668E+05,3.543026E+06,2046,H
Fut_GW_00268,6.172145E+05,3.545779E+06,2044,H
Fut_GW_00269,6.062421E+05,3.573097E+06,2036,H
Fut_GW_00270,6.092939E+05,3.571975E+06,2032,H
Fut_GW_00271,6.080706E+05,3.568378E+06,2039,H
Fut_GW_00272,6.114495E+05,3.562055E+06,2030,H
Fut_GW_00273,6.049135E+05,3.576516E+06,2039,H
Fut_GW_00274,6.187078E+05,3.569844E+06,2045,H
Fut_GW_00275,6.237971E+05,3.565158E+06,2021,H
Fut_GW_00276,6.097510E+05,3.574937E+06,2033,H
Fut_GW_00277,6.200463E+05,3.543627E+06,2038,H
Fut_GW_00278,6.175614E+05,3.569392E+06,2041,H
Fut_GW_00279,6.148340E+05,3.546562E+06,2025,H
Fut_GW_00280,6.206546E+05,3.568083E+06,2036,H
Fut_GW_00281,6.283970E+05,3.576655E+06,2046,H
Fut_GW_00282,6.159830E+05,3.559944E+06,2035,H
Fut_GW_00283,6.078810E+05,3.573483E+06,2028,H
Fut_GW_00284,6.257197E+05,3.550790E+06,2040,H
Fut_GW_00285,6.251827E+05,3.572125E+06,2032,H
Fut_GW_00286,6.067298E+05,3.565708E+06,2040,H
Fut_GW_00287,6.163022E+05,3.550191E+06,2025,H
Fut_GW_00288,6.243198E+05,3.559089E+06,2023,H
Fut_GW_00289,6.278485E+05,3.576070E+06,2044,H
Fut_GW_00290,6.090391E+05,3.551602E+06,2027,H
Fut_GW_00291,6.065492E+05,3.545075E+06,2021,H
Fut_GW_00292,6.252526E+05,3.561510E+06,2036,H
Fut_GW_00293,6.083153E+05,3.555151E+06,2042,H
Fut_GW_00294,6.280093E+05,3.541692E+06,2038,H
Fut_GW_00295,6.045918E+05,3.569442E+06,2039,H
Fut_GW_00296,6.056097E+05,3.562175E+06,2024,H
Fut_GW_00297,6.156018E+05,3.552799E+06,2026,H
Fut_GW_00298,6.225349E+05,3.563738E+06,2022,H
Fut_GW_00299,6.215389E+05,3.565502E+06,2027,H
Fut_GW_00300,6.239005E+05,3.562481E+06,2027,H
Fut_GW_00301,6.114890E+05,3.565639E+06,2032,H
Fut_GW_00302,6.289677E+05,3.542194E+06,2029,H
Fut_GW_00303,6.237818E+05,3.555975E+06,2024,H
Fut_GW_00304,6.128424E+05,3.550496E+06,2032,H
Fut_GW_00305,6.320080E+05,3.542499E+06,2039,H
Fut_GW_00306,6.094500E+05,3.556798E+06,2036,H
Fut_GW_00307,6.319439E+05,3.572310E+06,2034,H
Fut_GW_00308,6.245311E+05,3.543898E+06,2034,H
Fut_GW_00309,6.265229E+05,3.570199E+06,2040,H
Fut_GW_00310,6.099574E+05,3.543861E+06,2038,H
Fut_GW_00311,6.324476E+05,3.563651E+06,2034,H
Fut_GW_00312,6.201980E+05,3.543086E+06,2040,H
Fut_GW_00313,6.143649E+05,3.547570E+06,2044,H
Fut_GW_00314,6.288833E+05,3.561242E+06,2024,H
Fut_GW_00315,6.159829E+05,3.546874E+06,2042,H
Fut_GW_00316,6.112148E+05,3.569249E+06,2040,H
Fut_GW_00317,6.249381E+05,3.557911E+06,2034,H
Fut_GW_00318,6.239972E+05,3.568855E+06,2031,H
Fut_GW_00319,6.055661E+05,3.568489E+06,2023,H
Fut_GW_00320,6.190824E+05,3.554231E+06,2028,H
Fut_GW_00321,6.150878E+05,3.544989E+06,2041,H
Fut_GW_00322,6.332329E+05,3.551617E+06,2029,H
Fut_GW_00323,6.300198E+05,3.549430E+06,2029,H
Fut_GW_00324,6.225451E+05,3.565699E+06,2023,H
Fut_GW_00325,6.305953E+05,3.567050E+06,2021,H
Fut_GW_00326,6.237019E+05,3.549973E+06,2037,H
Fut_GW_00327,6.346988E+05,3.548793E+06,2033,H
Fut_GW_00328,6.259073E+05,3.551384E+06,2022,H
Fut_GW_00329,6.319458E+05,3.568239E+06,2026,H
Fut_GW_00330,6.068146E+05,3.573674E+06,2043,H
Fut_GW_00331,6.056556E+05,3.570125E+06,2043,H
Fut_GW_00332,6.133039E+05,3.573060E+06,2026,H
Fut_GW_00333,6.199640E+05,3.569477E+06,2031,H
Fut_GW_00334,6.232796E+05,3.560353E+06,2044,H
Fut_GW_00335,6.186366E+05,3.541782E+06,2023,H
Fut_GW_00336,6.270664E+05,3.558634E+06,2040,H
Fut_GW_00337,6.347949E+05,3.546669E+06,2024,H
Fut_GW_00338,6.196699E+05,3.565856E+06,2039,H
Fut_GW_00339,6.114070E+05,3.546926E+06,2034,H
Fut_GW_00340,6.086496E+05,3.549414E+06,2043,H
Fut_GW_00341,6.196541E+05,3.570924E+06,2025,H
Fut_GW_00342,6.298428E+05,3.551119E+06,2043,H
Fut_GW_00343,6.208821E+05,3.546484E+06,2033,H
Fut_GW_00344,6.189208E+05,3.570967E+06,2045,H
Fut_GW_00345,6.289994E+05,3.560375E+06,2039,H
Fut_GW_00346,6.122794E+05,3.567897E+06,2036,H
Fut_GW_00347,6.279204E+05,3.568474E+06,2044,H
Fut_GW_00348,6.124206E+05,3.576275E+06,2032,H
Fut_GW_00349,6.043398E+05,3.551199E+06,2043,H
Fut_GW_00350,6.280159E+05,3.543965E+06,2041,H
Fut_GW_00351,6.165135E+05,3.556667E+06,2039,H
Fut_GW_00352,6.182938E+05,3.577617E+06,2025,H
Fut_GW_00353,6.186560E+05,3.559701E+06,2028,H
Fut_GW_00354,6.059380E+05,3.576108E+06,2036,H
Fut_GW_00355,6.124973E+05,3.556055E+06,2038,H
Fut_GW_00356,6.344549E+05,3.544757E+06,2029,H
Fut_GW_00357,6.078998E+05,3.573370E+06,2043,H
Fut_GW_00358,6.221093E+05,3.567998E+06,2021,H
Fut_GW_00359,6.194362E+05,3.553615E+06,2021,H
Fut_GW_00360,6.282064E+05,3.572073E+06,2032,H
Fut_GW_00361,6.307946E+05,3.557278E+06,2045,H
Fut_GW_00362,6.155370E+05,3.556489E+06,2034,H
Fut_GW_00363,6.104359E+05,3.553063E+06,2042,H
Fut_GW_00364,6.190978E+05,3.568843E+06,2045,H
Fut_GW_00365,6.055456E+05,3.557982E+06,2023,H
Fut_GW_00366,6.058627E+05,3.575730E+06,2037,H
Fut_GW_00367,6.119807E+05,3.566476E+06,2029,H
Fut_GW_00368,6.169368E+05,3.546883E+06,2038,H
Fut_GW_00369,6.173458E+05,3.543339E+06,2042,H
Fut_GW_00370,6.342918E+05,3.550993E+06,2044,H
Fut_GW_00371,6.292653E+05,3.550114E+06,2039,H
Fut_GW_00372,6.197395E+05,3.569602E+06,2038,H
Fut_GW_00373,6.130093E+05,3.575822E+06,2026,H
Fut_GW_00374,6.108808E+05,3.558084E+06,2041,H
Fut_GW_00375,6.313854E+05,3.572117E+06,2046,H
Fut_GW_00376,6.114493E+05,3.561271E+06,2038,H
Fut_GW_00377,6.090413E+05,3.549131E+06,2021,H
Fut_GW_00378,6.303053E+05,3.557304E+06,2031,H
Fut_GW_00379,6.346694E+05,3.565803E+06,2040,H
Fut_GW_00380,6.158042E+05,3.559633E+06,2024,H
Fut_GW_00381,6.253433E+05,3.547597E+06,2037,H
Fut_GW_00382,6.089733E+05,3.549106E+06,2026,H
Fut_GW_00383,6.130184E+05,3.575888E+06,2034,H
Fut_GW_00384,6.302239E+05,3.561338E+06,2022,H
Fut_GW_00385,6.078762E+05,3.549464E+06,2040,H
Fut_GW_00386,6.339054E+05,3.571056E+06,2045,H
Fut_GW_00387,6.118085E+05,3.566261E+06,2029,H
Fut_GW_00388,6.155889E+05,3.559118E+06,2026,H
Fut_GW_00389,6.147048E+05,3.543812E+06,2032,H
Fut_GW_00390,6.208003E+05,3.561885E+06,2042,H
Fut_GW_00391,6.256794E+05,3.554753E+06,2023,H
Fut_GW_00392,6.266218E+05,3.571154E+06,2038,H
Fut_GW_00393,6.335441E+05,3.546683E+06,2033,H
Fut_GW_00394,6.254219E+05,3.559463E+06,2030,H
Fut_GW_00395,6.049778E+05,3.550355E+06,2026,H
Fut_GW_00396,6.219753E+05,3.575814E+06,2028,H
Fut_GW_00397,6.211375E+05,3.565059E+06,2028,H
Fut_GW_00398,6.169199E+05,3.559676E+06,2045,H
Fut_GW_00399,6.173811E+05,3.541730E+06,2035,H
Fut_GW_00400,6.046633E+05,3.557657E+06,2032,H
Fut_GW_00401,6.199699E+05,3.575343E+06,2026,H
Fut_GW_00402,6.051336E+05,3.555538E+06,2025,H
Fut_GW_00403,6.059394E+05,3.561114E+06,2037,H
Fut_GW_00404,6.216640E+05,3.543256E+06,2043,H
Fut_GW_00405,6.319793E+05,3.547424E+06,2026,H
Fut_GW_00406,6.095045E+05,3.544817E+06,2044,H
Fut_GW_00407,6.265800E+05,3.548007E+06,2038,H
Fut_GW_00408,6.182264E+05,3.574337E+06,2046,H
Fut_GW_00409,6.088709E+05,3.555461E+06,2030,H
Fut_GW_00410,6.066864E+05,3.555655E+06,2032,H
Fut_GW_00411,6.101410E+05,3.542644E+06,2044,H
Fut_GW_00412,6.188304E+05,3.557918E+06,2037,H
Fut_GW_00413,6.165696E+05,3.541638E+06,2032,H
Fut_GW_00414,6.081498E+05,3.568596E+06,2037,H
Fut_GW_00415,6.179889E+05,3.575357E+06,2038,H
Fut_GW_00416,6.189856E+05,3.567756E+06,2028,H
Fut_GW_00417,6.214103E+05,3.545168E+06,2026,H
Fut_GW_00418,6.193583E+05,3.571354E+06,2024,H
Fut_GW_00419,6.338397E+05,3.566627E+06,2035,H
Fut_GW_00420,6.148469E+05,3.568639E+06,2027,H
Fut_GW_00421,6.055049E+05,3.542341E+06,2023,H
Fut_GW_00422,6.081827E+05,3.548726E+06,2043,H
Fut_GW_00423,6.339319E+05,3.568103E+06,2032,H
Fut_GW_00424,6.280066E+05,3.543005E+06,2029,H
Fut_GW_00425,6.134209E+05,3.552349E+06,2029,H
Fut_GW_00426,6.070326E+05,3.558368E+06,2024,H
Fut_GW_00427,6.109391E+05,3.546628E+06,2042,H
Fut_GW_00428,6.158751E+05,3.561745E+06,2033,H
Fut_GW_00429,6.324303E+05,3.569971E+06,2046,H
Fut_GW_00430,6.191386E+05,3.567542E+06,2038,H
Fut_GW_00431,6.130178E+05,3.573917E+06,2025,H
Fut_GW_00432,6.173530E+05,3.574684E+06,2040,H
Fut_GW_00433,6.172426E+05,3.555402E+06,2024,H
Fut_GW_00434,6.166068E+05,3.547869E+06,2041,H
Fut_GW_00435,6.183862E+05,3.548212E+06,2028,H
Fut_GW_00436,6.187688E+05,3.549441E+06,2036,H
Fut_GW_00437,6.048038E+05,3.543668E+06,2041,H
Fut_GW_00438,6.291930E+05,3.571104E+06,2034,H
Fut_GW_00439,6.073959E+05,3.572276E+06,2022,H
Fut_GW_00440,6.172636E+05,3.544018E+06,2044,H
Fut_GW_00441,6.215923E+05,3.554157E+06,2045,H
Fut_GW_00442,6.254728E+05,3.550739E+06,2042,H
Fut_GW_00443,6.266862E+05,3.567001E+06,2036,H
Fut_GW_00444,6.047992E+05,3.573992E+06,2028,H
Fut_GW_00445,6.305235E+05,3.550523E+06,2038,H
Fut_GW_00446,6.245481E+05,3.542003E+06,2022,H
Fut_GW_00447,6.133100E+05,3.577319E+06,2033,H
Fut_GW_00448,6.342261E+05,3.562020E+06,2044,H
Fut_GW_00449,6.229916E+05,3.542629E+06,2041,H
Fut_GW_00450,6.219726E+05,3.575517E+06,2029,H
Fut_GW_00451,6.133174E+05,3.553368E+06,2042,H
Fut_GW_00452,6.194854E+05,3.574978E+06,2036,H
Fut_GW_00453,6.287687E+05,3.543442E+06,2027,H
Fut_GW_00454,6.104673E+05,3.576004E+06,2023,H
Fut_GW_00455,6.167641E+05,3.556490E+06,2028,H
Fut_GW_00456,6.257533E+05,3.561511E+06,2035,H
Fut_GW_00457,6.305754E+05,3.568580E+06,2045,H
Fut_GW_00458,6.244111E+05,3.545947E+06,2036,H
Fut_GW_00459,6.222004E+05,3.548786E+06,2045,H
Fut_GW_00460,6.287443E+05,3.566453E+06,2031,H
Fut_GW_00461,6.226502E+05,3.564793E+06,2036,H
Fut_GW_00462,6.280807E+05,3.550649E+06,2035,H
Fut_GW_00463,6.277058E+05,3.551079E+06,2029,H
Fut_GW_00464,6.325058E+05,3.552420E+06,2038,H
Fut_GW_00465,6.051976E+05,3.547840E+06,2043,H
Fut_GW_00466,6.221344E+05,3.548389E+06,2042,H
Fut_GW_00467,6.073498E+05,3.569008E+06,2027,H
Fut_GW_00468,6.316954E+05,3.559698E+06,2042,H
Fut_GW_00469,6.252184E+05,3.562316E+06,2036,H
Fut_GW_00470,6.055988E+05,3.563326E+06,2030,H
Fut_GW_00471,6.185523E+05,3.550976E+06,2041,H
Fut_GW_00472,6.314855E+05,3.559558E+06,2038,H
Fut_GW_00473,6.242921E+05,3.546805E+06,2044,H
Fut_GW_00474,6.344064E+05,3.554672E+06,2037,H
Fut_GW_00475,6.096228E+05,3.550084E+06,2039,H
Fut_GW_00476,6.325917E+05,3.566091E+06,2027,H
Fut_GW_00477,6.266869E+05,3.573803E+06,2040,H
Fut_GW_00478,6.071979E+05,3.546448E+06,2027,H
Fut_GW_00479,6.230726E+05,3.561216E+06,2022,H
Fut_GW_00480,6.106504E+05,3.567242E+06,2034,H
Fut_GW_00481,6.215428E+05,3.575606E+06,2046,H
Fut_GW_00482,6.224359E+05,3.554311E+06,2044,H
Fut_GW_00483,6.117064E+05,3.570941E+06,2034,H
Fut_GW_00484,6.190925E+05,3.566579E+06,2027,H
Fut_GW_00485,6.305761E+05,3.546375E+06,2030,H
Fut_GW_00486,6.076396E+05,3.570738E+06,2021,H
Fut_GW_00487,6.307809E+05,3.551860E+06,2038,H
Fut_GW_00488,6.045321E+05,3.545018E+06,2033,H
Fut_GW_00489,6.221133E+05,3.562594E+06,2043,H
Fut_GW_00490,6.231568E+05,3.554516E+06,2036,H
Fut_GW_00491,6.148571E+05,3.545759E+06,2026,H
Fut_GW_00492,6.104068E+05,3.557712E+06,2040,H
Fut_GW_00493,6.147149E+05,3.551900E+06,2027,H
Fut_GW_00494,6.140044E+05,3.542559E+06,2038,H
Fut_GW_00495,6.292051E+05,3.558207E+06,2021,H
Fut_GW_00496,6.339269E+05,3.572576E+06,2034,H
Fut_GW_00497,6.059948E+05,3.541527E+06,2027,H
Fut_GW_00498,6.129832E+05,3.553131E+06,2034,H
Fut_GW_00499,6.325428E+05,3.556575E+06,2039,H
Fut_GW_00500,6.218776E+05,3.548565E+06,2034,H
Fut_GW_00501,6.229691E+05,3.569193E+06,2026,H
Fut_GW_00502,6.135748E+05,3.548689E+06,2024,H
Fut_GW_00503,6.083533E+05,3.545753E+06,2039,H
Fut_GW_00504,6.213204E+05,3.562701E+06,2041,H
Fut_GW_00505,6.254429E+05,3.566823E+06,2044,H
Fut_GW_00506,6.201141E+05,3.542295E+06,2046,H
Fut_GW_00507,6.250292E+05,3.570144E+06,2040,H
Fut_GW_00508,6.190884E+05,3.557158E+06,2042,H
Fut_GW_00509,6.254291E+05,3.542536E+06,2040,H
Fut_GW_00510,6.230064E+05,3.557972E+06,2040,H
Fut_GW_00511,6.098219E+05,3.570841E+06,2039,H
Fut_GW_00512,6.311699E+05,3.567351E+06,2035,H
Fut_GW_00513,6.226477E+05,3.572417E+06,2022,H
Fut_GW_00514,6.298201E+05,3.548854E+06,2036,H
Fut_GW_00515,6.126773E+05,3.569084E+06,2040,H
Fut_GW_00516,6.056516E+05,3.560484E+06,2026,H
Fut_GW_00517,6.276081E+05,3.576541E+06,2022,H
Fut_GW_00518,6.053754E+05,3.571383E+06,2042,H
Fut_GW_00519,6.156117E+05,3.557565E+06,2028,H
Fut_GW_00520,6.105176E+05,3.567189E+06,2028,H
Fut_GW_00521,6.077385E+05,3.544713E+06,2039,H
Fut_GW_00522,6.066866E+05,3.553339E+06,2028,H
Fut_GW_00523,6.332080E+05,3.559039E+06,2035,H
Fut_GW_00524,6.239697E+05,3.544659E+06,2022,H
Fut_GW_00525,6.047153E+05,3.569498E+06,2023,H
Fut_GW_00526,6.254131E+05,3.557988E+06,2033,H
Fut_GW_00527,6.205306E+05,3.549446E+06,2021,H
Fut_GW_00528,6.091121E+05,3.551041E+06,2040,H
Fut_GW_00529,6.103188E+05,3.549412E+06,2037,H
Fut_GW_00530,6.205298E+05,3.541322E+06,2022,H
Fut_GW_00531,6.120931E+05,3.550801E+06,2028,H
Fut_GW_00532,6.243524E+05,3.563037E+06,2036,H
Fut_GW_00533,6.055378E+05,3.542259E+06,2030,H
Fut_GW_00534,6.084340E+05,3.570337E+06,2026,H
Fut_GW_00535,6.269266E+05,3.552681E+06,2044,H
Fut_GW_00536,6.283153E+05,3.553445E+06,2032,H
Fut_GW_00537,6.076412E+05,3.577092E+06,2043,H
Fut_GW_00538,6.160519E+05,3.544524E+06,2022,H
Fut_GW_00539,6.235840E+05,3.565071E+06,2025,H
Fut_GW_00540,6.056889E+05,3.550228E+06,2034,H
Fut_GW_00541,6.293249E+05,3.576737E+06,2039,H
Fut_GW_00542,6.149955E+05,3.576542E+06,2040,H
Fut_GW_00543,6.229475E+05,3.567662E+06,2040,H
Fut_GW_00544,6.271585E+05,3.560261E+06,2033,H
Fut_GW_00545,6.077546E+05,3.568281E+06,2043,H
Fut_GW_00546,6.192534E+05,3.568426E+06,2046,H
Fut_GW_00547,6.131044E+05,3.569603E+06,2033,H
Fut_GW_00548,6.128778E+05,3.568792E+06,2036,H
Fut_GW_00549,6.181101E+05,3.558295E+06,2027,H
Fut_GW_00550,6.281011E+05,3.566411E+06,2032,H
Fut_GW_00551,6.204404E+05,3.570191E+06,2022,H
Fut_GW_00552,6.263618E+05,3.542032E+06,2026,H
Fut_GW_00553,6.160306E+05,3.549843E+06,2034,H
Fut_GW_00554,6.179004E+05,3.550424E+06,2045,H
Fut_GW_00555,6.069059E+05,3.569767E+06,2035,H
Fut_GW_00556,6.085037E+05,3.542438E+06,2032,H
Fut_GW_00557,6.347270E+05,3.554106E+06,2025,H
Fut_GW_00558,6.095263E+05,3.571631E+06,2042,H
Fut_GW_00559,6.318353E+05,3.543635E+06,2036,H
Fut_GW_00560,6.151851E+05,3.570950E+06,2037,H
Fut_GW_00561,6.052197E+05,3.546212E+06,2028,H
Fut_GW_00562,6.197909E+05,3.541628E+06,2029,H
Fut_GW_00563,6.190816E+05,3.561002E+06,2031,H
Fut_GW_00564,6.058905E+05,3.559878E+06,2026,H
Fut_GW_00565,6.198886E+05,3.552958E+06,2022,H
Fut_GW_00566,6.142979E+05,3.547243E+06,2043,H
Fut_GW_00567,6.323038E+05,3.567483E+06,2045,H
Fut_GW_00568,6.216543E+05,3.555991E+06,2026,H
Fut_GW_00569,6.197532E+05,3.568763E+06,2027,H
Fut_GW_00570,6.208608E+05,3.565032E+06,2023,H
Fut_GW_00571,6.135762E+05,3.572737E+06,2023,H
Fut_GW_00572,6.113042E+05,3.547646E+06,2042,H
Fut_GW_00573,6.282569E+05,3.557956E+06,2033,H
Fut_GW_00574,6.267551E+05,3.575399E+06,2036,H
Fut_GW_00575,6.134656E+05,3.557557E+06,2027,H
Fut_GW_00576,6.077400E+05,3.571404E+06,2040,H
Fut_GW_00577,6.308269E+05,3.554295E+06,2035,H
Fut_GW_00578,6.181465E+05,3.574041E+06,2037,H
Fut_GW_00579,6.111838E+05,3.558269E+06,2038,H
Fut_GW_00580,6.079827E+05,3.548949E+06,2024,H
Fut_GW_00581,6.280384E+05,3.565999E+06,2030,H
Fut_GW_00582,6.126839E+05,3.553610E+06,2023,H
Fut_GW_00583,6.233535E+05,3.569440E+06,2039,H
Fut_GW_00584,6.131703E+05,3.557401E+06,2046,H
Fut_GW_00585,6.109471E+05,3.573393E+06,2031,H
Fut_GW_00586,6.086579E+05,3.564521E+06,2034,H
Fut_GW_00587,6.171735E+05,3.561499E+06,2039,H
Fut_GW_00588,6.131725E+05,3.556776E+06,2039,H
Fut_GW_00589,6.189301E+05,3.559293E+06,2045,H
Fut_GW_00590,6.307524E+05,3.543059E+06,2025,H
Fut_GW_00591,6.335805E+05,3.569182E+06,2043,H
Fut_GW_00592,6.307663E+05,3.570507E+06,2024,H
Fut_GW_00593,6.235687E+05,3.572426E+06,2030,H
Fut_GW_00594,6.252321E+05,3.552474E+06,2038,H
Fut_GW_00595,6.170544E+05,3.546364E+06,2028,H
Fut_GW_00596,6.104507E+05,3.552476E+06,2022,H
Fut_GW_00597,6.064421E+05,3.557802E+06,2032,H
Fut_GW_00598,6.110811E+05,3.545378E+06,2038,H
Fut_GW_00599,6.127997E+05,3.567909E+06,2042,H
Fut_GW_00600,6.105329E+05,3.556251E+06,2043,H
Fut_GW_00601,6.172049E+05,3.546002E+06,2043,H
Fut_GW_00602,6.341128E+05,3.571420E+06,2027,H
Fut_GW_00603,6.245435E+05,3.556895E+06,2023,H
Fut_GW_00604,6.167338E+05,3.543038E+06,2022,H
Fut_GW_00605,6.100929E+05,3.571145E+06,2044,H
Fut_GW_00606,6.056116E+05,3.549403E+06,2035,H
Fut_GW_00607,6.061482E+05,3.545957E+06,2035,H
Fut_GW_00608,6.062961E+05,3.550684E+06,2036,H
Fut_GW_00609,6.113170E+05,3.575152E+06,2035,H
Fut_GW_00610,6.292334E+05,3.572501E+06,2045,H
Fut_GW_00611,6.154878E+05,3.562406E+06,2043,H
Fut_GW_00612,6.346461E+05,3.549626E+06,2022,H
Fut_GW_00613,6.148208E+05,3.552317E+06,2038,H
Fut_GW_00614,6.280068E+05,3.558227E+06,2029,H
Fut_GW_00615,6.193409E+05,3.566395E+06,2033,H
Fut_GW_00616,6.262157E+05,3.547796E+06,2038,H
Fut_GW_00617,6.286473E+05,3.566698E+06,2026,H
Fut_GW_00618,6.220624E+05,3.556550E+06,2045,H
Fut_GW_00619,6.339684E+05,3.556121E+06,2028,H
Fut_GW_00620,6.068511E+05,3.545962E+06,2044,H
Fut_GW_00621,6.136321E+05,3.546772E+06,2046,H
Fut_GW_00622,6.163818E+05,3.545286E+06,2036,H
Fut_GW_00623,6.065890E+05,3.563750E+06,2025,H
Fut_GW_00624,6.077759E+05,3.542682E+06,2037,H
Fut_GW_00625,6.286081E+05,3.573842E+06,2029,H
Fut_GW_00626,6.203628E+05,3.564264E+06,2035,H
Fut_GW_00627,6.241225E+05,3.569135E+06,2032,H
Fut_GW_00628,6.135634E+05,3.572874E+06,2032,H
Fut_GW_00629,6.199320E+05,3.561204E+06,2033,H
Fut_GW_00630,6.326912E+05,3.564583E+06,2044,H
Fut_GW_00631,6.265449E+05,3.550464E+06,2035,H
Fut_GW_00632,6.151363E+05,3.555654E+06,2038,H
Fut_GW_00633,6.310237E+05,3.572875E+06,2028,H
Fut_GW_00634,6.326576E+05,3.551299E+06,2046,H
Fut_GW_00635,6.275288E+05,3.559851E+06,2042,H
Fut_GW_00636,6.215907E+05,3.544065E+06,2034,H
Fut_GW_00637,6.069154E+05,3.545744E+06,2040,H
Fut_GW_00638,6.253801E+05,3.559760E+06,2035,H
Fut_GW_00639,6.298083E+05,3.543563E+06,2026,H
Fut_GW_00640,6.337488E+05,3.544797E+06,2032,H
Fut_GW_00641,6.191753E+05,3.557161E+06,2022,H
Fut_GW_00642,6.103269E+05,3.546954E+06,2032,H
Fut_GW_00643,6.114742E+05,3.564820E+06,2031,H
Fut_GW_00644,6.122234E+05,3.561900E+06,2029,H
Fut_GW_00645,6.323340E+05,3.560664E+06,2031,H
Fut_GW_00646,6.201644E+05,3.541727E+06,2028,H
Fut_GW_00647,6.136041E+05,3.573367E+06,2025,H
Fut_GW_00648,6.334843E+05,3.561738E+06,2028,H
Fut_GW_00649,6.261668E+05,3.570782E+06,2043,H
Fut_GW_00650,6.237911E+05,3.570015E+06,2045,H
Fut_GW_00651,6.106677E+05,3.562493E+06,2034,H
Fut_GW_00652,6.132007E+05,3.564746E+06,2044,H
Fut_GW_00653,6.296364E+05,3.571638E+06,2026,H
Fut_GW_00654,6.260806E+05,3.545421E+06,2043,H
Fut_GW_00655,6.209111E+05,3.566537E+06,2044,H
Fut_GW_00656,6.320191E+05,3.546713E+06,2024,H
Fut_GW_00657,6.137217E+05,3.571635E+06,2028,H
Fut_GW_00658,6.174643E+05,3.566913E+06,2034,H
Fut_GW_00659,6.316099E+05,3.577276E+06,2044,H
Fut_GW_00660,6.193449E+05,3.568560E+06,2034,H
Fut_GW_00661,6.251056E+05,3.568772E+06,2042,H
Fut_GW_00662,6.269999E+05,3.546311E+06,2039,H
Fut_GW_00663,6.069141E+05,3.555850E+06,2027,H
Fut_GW_00664,6.229369E+05,3.571727E+06,2044,H
Fut_GW_00665,6.130703E+05,3.574998E+06,2029,H
Fut_GW_00666,6.345428E+05,3.555203E+06,2036,H
Fut_GW_00667,6.206535E+05,3.570677E+06,2025,H
Fut_GW_00668,6.115862E+05,3.557179E+06,2023,H
Fut_GW_00669,6.262549E+05,3.558965E+06,2034,H
Fut_GW_00670,6.224784E+05,3.553197E+06,2043,H
Fut_GW_00671,6.309589E+05,3.563409E+06,2045,H
Fut_GW_00672,6.087949E+05,3.560603E+06,2037,H
Fut_GW_00673,6.095919E+05,3.547001E+06,2024,H
Fut_GW_00674,6.048522E+05,3.545360E+06,2033,H
Fut_GW_00675,6.077557E+05,3.542333E+06,2036,H
Fut_GW_00676,6.171041E+05,3.562275E+06,2034,H
Fut_GW_00677,6.048943E+05,3.558233E+06,2041,H
Fut_GW_00678,6.215598E+05,3.563140E+06,2036,H
Fut_GW_00679,6.265696E+05,3.550620E+06,2043,H
Fut_GW_00680,6.289050E+05,3.569411E+06,2031,H
Fut_GW_00681,6.224196E+05,3.562421E+06,2026,H
Fut_GW_00682,6.336413E+05,3.558900E+06,2041,H
Fut_GW_00683,6.120866E+05,3.549633E+06,2032,H
Fut_GW_00684,6.296142E+05,3.576724E+06,2039,H
Fut_GW_00685,6.087086E+05,3.542322E+06,2046,H
Fut_GW_00686,6.322408E+05,3.564681E+06,2025,H
Fut_GW_00687,6.319814E+05,3.549926E+06,2025,H
Fut_GW_00688,6.284783E+05,3.548500E+06,2027,H
Fut_GW_00689,6.303422E+05,3.564131E+06,2030,H
Fut_GW_00690,6.212205E+05,3.547971E+06,2035,H
Fut_GW_00691,6.304954E+05,3.554766E+06,2021,H
Fut_GW_00692,6.323291E+05,3.559450E+06,2030,H
Fut_GW_00693,6.272395E+05,3.563646E+06,2025,H
Fut_GW_00694,6.045580E+05,3.569693E+06,2037,H
Fut_GW_00695,6.208468E+05,3.545942E+06,2028,H
Fut_GW_00696,6.331778E+05,3.556972E+06,2042,H
Fut_GW_00697,6.263334E+05,3.558554E+06,2034,H
Fut_GW_00698,6.279633E+05,3.565522E+06,2025,H
Fut_GW_00699,6.056612E+05,3.573034E+06,2022,H
Fut_GW_00700,6.112432E+05,3.575164E+06,2029,H
Fut_GW_00701,6.216514E+05,3.563937E+06,2031,H
Fut_GW_00702,6.208309E+05,3.570501E+06,2043,H
Fut_GW_00703,6.136063E+05,3.556464E+06,2028,H
Fut_GW_00704,6.087036E+05,3.561994E+06,2029,H
Fut_GW_00705,6.256894E+05,3.550465E+06,2021,H
Fut_GW_00706,6.125406E+05,3.554849E+06,2021,H
Fut_GW_00707,6.205511E+05,3.567212E+06,2036,H
Fut_GW_00708,6.238325E+05,3.559226E+06,2038,H
Fut_GW_00709,6.250758E+05,3.563558E+06,2041,H
Fut_GW_00710,6.139653E+05,3.557937E+06,2035,H
Fut_GW_00711,6.208619E+05,3.562199E+06,2038,H
Fut_GW_00712,6.067805E+05,3.549169E+06,2021,H
Fut_GW_00713,6.292706E+05,3.547410E+06,2042,H
Fut_GW_00714,6.049154E+05,3.567800E+06,2036,H
Fut_GW_00715,6.276683E+05,3.553016E+06,2028,H
Fut_GW_00716,6.143396E+05,3.551105E+06,2046,H
Fut_GW_00717,6.105184E+05,3.556837E+06,2041,H
Fut_GW_00718,6.297421E+05,3.566971E+06,2031,H
Fut_GW_00719,6.339588E+05,3.577616E+06,2032,H
Fut_GW_00720,6.298543E+05,3.574628E+06,2034,H
Fut_GW_00721,6.325258E+05,3.556300E+06,2040,H
Fut_GW_00722,6.311638E+05,3.563359E+06,2028,H
Fut_GW_00723,6.197369E+05,3.547405E+06,2039,H
Fut_GW_00724,6.168969E+05,3.545912E+06,2022,H
Fut_GW_00725,6.225325E+05,3.570218E+06,2040,H
Fut_GW_00726,6.135059E+05,3.548275E+06,2024,H
Fut_GW_00727,6.303893E+05,3.567023E+06,2035,H
Fut_GW_00728,6.299191E+05,3.542618E+06,2023,H
Fut_GW_00729,6.062983E+05,3.561831E+06,2021,H
Fut_GW_00730,6.277455E+05,3.576794E+06,2042,H
Fut_GW_00731,6.124894E+05,3.576613E+06,2031,H
Fut_GW_00732,6.149783E+05,3.566092E+06,2025,H
Fut_GW_00733,6.196326E+05,3.574521E+06,2039,H
Fut_GW_00734,6.106631E+05,3.574611E+06,2039,H
Fut_GW_00735,6.232994E+05,3.558871E+06,2021,H
Fut_GW_00736,6.076017E+05,3.553253E+06,2030,H
Fut_GW_00737,6.244094E+05,3.571007E+06,2030,H
Fut_GW_00738,6.062648E+05,3.559869E+06,2044,H
Fut_GW_00739,6.101314E+05,3.543258E+06,2031,H
Fut_GW_00740,6.348890E+05,3.552703E+06,2027,H
Fut_GW_00741,6.051930E+05,3.570287E+06,2041,H
Fut_GW_00742,6.072954E+05,3.556873E+06,2033,H
Fut_GW_00743,6.169721E+05,3.554532E+06,2023,H
Fut_GW_00744,6.177903E+05,3.562416E+06,2026,H
Fut_GW_00745,6.312539E+05,3.551023E+06,2026,H
Fut_GW_00746,6.337314E+05,3.560188E+06,2037,H
Fut_GW_00747,6.146539E+05,3.544653E+06,2043,H
Fut_GW_00748,6.288918E+05,3.563661E+06,2021,H
Fut_GW_00749,6.120831E+05,3.572439E+06,2027,H
Fut_GW_00750,6.308368E+05,3.575567E+06,2029,H
Fut_GW_00751,6.057746E+05,3.567354E+06,2030,H
Fut_GW_00752,6.222051E+05,3.560013E+06,2022,H
Fut_GW_00753,6.070874E+05,3.555608E+06,2038,H
Fut_GW_00754,6.165711E+05,3.541827E+06,2038,H
Fut_GW_00755,6.165827E+05,3.567914E+06,2030,H
Fut_GW_00756,6.244624E+05,3.573752E+06,2035,H
Fut_GW_00757,6.050982E+05,3.551262E+06,2024,H
Fut_GW_00758,6.053401E+05,3.546500E+06,2031,H
Fut_GW_00759,6.207945E+05,3.552942E+06,2032,H
Fut_GW_00760,6.093233E+05,3.563195E+06,2034,H
Fut_GW_00761,6.196833E+05,3.558830E+06,2044,H
Fut_GW_00762,6.319573E+05,3.553970E+06,2033,H
Fut_GW_00763,6.286197E+05,3.544519E+06,2023,H
Fut_GW_00764,6.260185E+05,3.551478E+06,2029,H
Fut_GW_00765,6.106743E+05,3.550644E+06,2037,H
Fut_GW_00766,6.045734E+05,3.543100E+06,2024,H
Fut_GW_00767,6.071648E+05,3.570737E+06,2033,H
Fut_GW_00768,6.055061E+05,3.559993E+06,2025,H
Fut_GW_00769,6.078688E+05,3.550798E+06,2030,H
Fut_GW_00770,6.185928E+05,3.563308E+06,2043,H
Fut_GW_00771,6.269514E+05,3.551706E+06,2023,H
Fut_GW_00772,6.266706E+05,3.576461E+06,2031,H
Fut_GW_00773,6.060064E+05,3.565138E+06,2041,H
Fut_GW_00774,6.321628E+05,3.543727E+06,2024,H
Fut_GW_00775,6.051684E+05,3.575238E+06,2033,H
Fut_GW_00776,6.081566E+05,3.553952E+06,2038,H
Fut_GW_00777,6.158354E+05,3.543130E+06,2034,H
Fut_GW_00778,6.044975E+05,3.563426E+06,2025,H
Fut_GW_00779,6.052450E+05,3.558486E+06,2038,H
Fut_GW_00780,6.331780E+05,3.568171E+06,2025,H
Fut_GW_00781,6.126956E+05,3.561418E+06,2024,H
Fut_GW_00782,6.059191E+05,3.567760E+06,2036,H
Fut_GW_00783,6.216091E+05,3.568864E+06,2028,H
Fut_GW_00784,6.208928E+05,3.575821E+06,2041,H
Fut_GW_00785,6.074609E+05,3.562198E+06,2042,H
Fut_GW_00786,6.329470E+05,3.548884E+06,2025,H
Fut_GW_00787,6.344379E+05,3.565639E+06,2024,H
Fut_GW_00788,6.278294E+05,3.570404E+06,2041,H
Fut_GW_00789,6.287446E+05,3.548524E+06,2038,H
Fut_GW_00790,6.247708E+05,3.551256E+06,2040,H
Fut_GW_00791,6.136741E+05,3.556099E+06,2024,H
Fut_GW_00792,6.291521E+05,3.556516E+06,2022,H
Fut_GW_00793,6.210058E+05,3.560289E+06,2035,H
Fut_GW_00794,6.091906E+05,3.567680E+06,2025,H
Fut_GW_00795,6.343133E+05,3.542941E+06,2041,H
Fut_GW_00796,6.226333E+05,3.548918E+06,2023,H
Fut_GW_00797,6.298490E+05,3.549618E+06,2037,H
Fut_GW_00798,6.205613E+05,3.556349E+06,2044,H
Fut_GW_00799,6.134468E+05,3.567884E+06,2036,H
Fut_GW_00800,6.340846E+05,3.546027E+06,2042,H
Fut_GW_00801,6.204298E+05,3.567484E+06,2031,H
Fut_GW_00802,6.259122E+05,3.571181E+06,2032,H
Fut_GW_00803,6.268981E+05,3.544877E+06,2030,H
Fut_GW_00804,6.291599E+05,3.562788E+06,2037,H
Fut_GW_00805,6.224364E+05,3.566349E+06,2025,H
