H_Total_oil ,H_Total_gas ,H_Total_PW  ,H_Excess    ,H_OutFTPlant,F_Total_Oil ,F_Total_gas ,F_Total_PW  ,F_Excess    ,F_OutFTPlant,
 0.00000E+00, 0.00000E+00, 0.00000E+00, 0.00000E+00, 0.00000E+00, 0.00000E+00, 0.00000E+00, 0.00000E+00, 0.00000E+00, 0.00000E+00,
 1.17818E+06, 2.65327E+04, 2.69805E+05, 0.00000E+00, 0.00000E+00, 2.78801E+06, 5.35094E+05, 6.42780E+06, 2.48370E+06, 1.14872E+06,
 1.13151E+06, 2.62846E+04, 2.59115E+05, 0.00000E+00, 0.00000E+00, 2.43572E+06, 4.69856E+05, 5.61559E+06, 2.14853E+06, 9.93481E+05,
 1.08684E+06, 2.60859E+04, 2.48886E+05, 0.00000E+00, 0.00000E+00, 2.12870E+06, 4.12387E+05, 4.90776E+06, 1.85906E+06, 8.59410E+05,
 1.04407E+06, 2.59266E+04, 2.39091E+05, 0.00000E+00, 0.00000E+00, 1.86115E+06, 3.61760E+05, 4.29091E+06, 1.60909E+06, 7.43624E+05,
 1.00311E+06, 2.57991E+04, 2.29715E+05, 0.00000E+00, 0.00000E+00, 1.62799E+06, 3.17162E+05, 3.75336E+06, 1.39325E+06, 6.43637E+05,
 9.63923E+05, 2.56969E+04, 2.20738E+05, 0.00000E+00, 0.00000E+00, 1.42479E+06, 2.77874E+05, 3.28489E+06, 1.20687E+06, 5.57299E+05,
 9.26396E+05, 2.56150E+04, 2.12143E+05, 0.00000E+00, 0.00000E+00, 1.24772E+06, 2.43264E+05, 2.87663E+06, 1.04594E+06, 4.82747E+05,
 8.90474E+05, 2.55494E+04, 2.03917E+05, 0.00000E+00, 0.00000E+00, 1.09340E+06, 2.12775E+05, 2.52085E+06, 9.07003E+05, 4.18377E+05,
 8.56077E+05, 2.54969E+04, 1.96042E+05, 0.00000E+00, 0.00000E+00, 9.58917E+05, 1.85917E+05, 2.21080E+06, 7.87046E+05, 3.62801E+05,
 8.23159E+05, 2.54548E+04, 1.88503E+05, 0.00000E+00, 0.00000E+00, 8.41720E+05, 1.62256E+05, 1.94060E+06, 6.83480E+05, 3.14818E+05,
 7.91635E+05, 2.54210E+04, 1.81285E+05, 0.00000E+00, 0.00000E+00, 7.39586E+05, 1.41413E+05, 1.70513E+06, 5.94067E+05, 2.73392E+05,
 8.65358E+05, 2.75396E+04, 3.23893E+05, 0.00000E+00, 0.00000E+00, 4.62317E+06, 5.91628E+05, 1.09478E+07, 3.77261E+06, 2.37627E+05,
 8.33026E+05, 2.73131E+04, 3.11794E+05, 0.00000E+00, 0.00000E+00, 4.04254E+06, 5.18487E+05, 9.57284E+06, 3.26242E+06, 1.50904E+06,
 8.02060E+05, 2.71140E+04, 3.00199E+05, 0.00000E+00, 0.00000E+00, 3.53653E+06, 4.54056E+05, 8.37460E+06, 2.82224E+06, 1.30497E+06,
 7.72375E+05, 2.69387E+04, 2.89093E+05, 0.00000E+00, 0.00000E+00, 3.09556E+06, 3.97296E+05, 7.33037E+06, 2.44248E+06, 1.12890E+06,
 7.43948E+05, 2.67843E+04, 2.78449E+05, 0.00000E+00, 0.00000E+00, 2.71128E+06, 3.47294E+05, 6.42036E+06, 2.11487E+06, 9.76991E+05,
 7.16706E+05, 2.66483E+04, 2.68255E+05, 0.00000E+00, 0.00000E+00, 2.37638E+06, 3.03247E+05, 5.62731E+06, 1.83225E+06, 8.45947E+05,
 6.90609E+05, 2.65284E+04, 2.58486E+05, 0.00000E+00, 0.00000E+00, 2.08452E+06, 2.64444E+05, 4.93621E+06, 1.58847E+06, 7.32901E+05,
 6.65596E+05, 2.64225E+04, 2.49124E+05, 0.00000E+00, 0.00000E+00, 1.83018E+06, 2.30262E+05, 4.33393E+06, 1.37819E+06, 6.35389E+05,
 6.41636E+05, 2.63291E+04, 2.40156E+05, 0.00000E+00, 0.00000E+00, 1.60854E+06, 2.00150E+05, 3.80905E+06, 1.19680E+06, 5.51276E+05,
 6.18681E+05, 2.62465E+04, 2.31564E+05, 0.00000E+00, 0.00000E+00, 1.41538E+06, 1.73623E+05, 3.35165E+06, 1.04035E+06, 4.78721E+05,
 5.96689E+05, 2.61736E+04, 2.23332E+05, 0.00000E+00, 0.00000E+00, 1.24705E+06, 1.50255E+05, 2.95303E+06, 9.05400E+05, 4.16141E+05,
 5.75609E+05, 2.61091E+04, 2.15444E+05, 0.00000E+00, 0.00000E+00, 1.10035E+06, 1.29669E+05, 2.60565E+06, 7.88992E+05, 3.62160E+05,
 6.16297E+05, 2.83427E+04, 3.07475E+05, 0.00000E+00, 0.00000E+00, 4.69682E+06, 6.73826E+05, 1.14126E+07, 3.41237E+06, 3.15597E+05,
 5.94328E+05, 2.81560E+04, 2.96513E+05, 0.00000E+00, 0.00000E+00, 4.11377E+06, 5.89492E+05, 9.99589E+06, 2.95079E+06, 1.36495E+06,
 5.73292E+05, 2.79820E+04, 2.86019E+05, 0.00000E+00, 0.00000E+00, 3.60568E+06, 5.15200E+05, 8.76129E+06, 2.55304E+06, 1.18031E+06,
 5.53150E+05, 2.78199E+04, 2.75968E+05, 0.00000E+00, 0.00000E+00, 3.16289E+06, 4.49753E+05, 7.68536E+06, 2.21031E+06, 1.02122E+06,
 5.33865E+05, 2.76685E+04, 2.66349E+05, 0.00000E+00, 0.00000E+00, 2.77701E+06, 3.92100E+05, 6.74772E+06, 1.91500E+06, 8.84124E+05,
 5.15400E+05, 2.75272E+04, 2.57135E+05, 0.00000E+00, 0.00000E+00, 2.44073E+06, 3.41312E+05, 5.93059E+06, 1.66057E+06, 7.66002E+05,
 4.97720E+05, 2.73950E+04, 2.48314E+05, 0.00000E+00, 0.00000E+00, 2.14766E+06, 2.96570E+05, 5.21852E+06, 1.44135E+06, 6.64227E+05,
 4.80790E+05, 2.72713E+04, 2.39872E+05, 0.00000E+00, 0.00000E+00, 1.89227E+06, 2.57733E+05, 4.59797E+06, 1.25249E+06, 5.76542E+05,
 4.64586E+05, 2.71555E+04, 2.31784E+05, 0.00000E+00, 0.00000E+00, 1.66971E+06, 2.24467E+05, 4.05716E+06, 1.08975E+06, 5.00994E+05,
 4.49068E+05, 2.70470E+04, 2.24041E+05, 0.00000E+00, 0.00000E+00, 1.47575E+06, 1.95161E+05, 3.58586E+06, 9.49537E+05, 4.35901E+05,
 4.34208E+05, 2.69453E+04, 2.16628E+05, 0.00000E+00, 0.00000E+00, 1.30672E+06, 1.69346E+05, 3.17515E+06, 8.28714E+05, 3.79815E+05,
 4.19976E+05, 2.68498E+04, 2.09529E+05, 0.00000E+00, 0.00000E+00, 1.15942E+06, 1.46604E+05, 2.81722E+06, 7.24590E+05, 3.31486E+05,
 4.40478E+05, 4.88072E+04, 2.69462E+05, 0.00000E+00, 0.00000E+00, 4.43613E+06, 7.82577E+05, 1.10506E+07, 2.80023E+06, 2.89836E+05,
 4.26166E+05, 4.72828E+04, 2.60709E+05, 0.00000E+00, 0.00000E+00, 3.89305E+06, 6.85177E+05, 9.69782E+06, 2.42058E+06, 1.12009E+06,
 4.12463E+05, 4.58697E+04, 2.52326E+05, 0.00000E+00, 0.00000E+00, 3.41978E+06, 5.99374E+05, 8.51888E+06, 2.09394E+06, 9.68230E+05,
 3.99346E+05, 4.45584E+04, 2.44299E+05, 0.00000E+00, 0.00000E+00, 3.00735E+06, 5.23788E+05, 7.49146E+06, 1.81293E+06, 8.37576E+05,
 3.86773E+05, 4.33405E+04, 2.36608E+05, 0.00000E+00, 0.00000E+00, 2.64792E+06, 4.57202E+05, 6.59612E+06, 1.57119E+06, 7.25173E+05,
 3.74734E+05, 4.22086E+04, 2.29244E+05, 0.00000E+00, 0.00000E+00, 2.33469E+06, 3.98544E+05, 5.81582E+06, 1.36323E+06, 6.28478E+05,
 3.63200E+05, 4.11556E+04, 2.22191E+05, 0.00000E+00, 0.00000E+00, 2.06171E+06, 3.46871E+05, 5.13585E+06, 1.18433E+06, 5.45291E+05,
 3.52155E+05, 4.01755E+04, 2.15433E+05, 0.00000E+00, 0.00000E+00, 1.82382E+06, 3.01794E+05, 4.54325E+06, 1.03041E+06, 4.73730E+05,
 3.41575E+05, 3.92625E+04, 2.08961E+05, 0.00000E+00, 0.00000E+00, 1.61651E+06, 2.62813E+05, 4.02683E+06, 8.97984E+05, 4.12164E+05,
 3.31443E+05, 3.84116E+04, 2.02761E+05, 0.00000E+00, 0.00000E+00, 1.43586E+06, 2.28473E+05, 3.57679E+06, 7.84033E+05, 3.59193E+05,
 3.21738E+05, 3.76182E+04, 1.96823E+05, 0.00000E+00, 0.00000E+00, 1.27841E+06, 1.98222E+05, 3.18460E+06, 6.85962E+05, 3.13613E+05,
 3.12440E+05, 3.68779E+04, 1.91136E+05, 0.00000E+00, 0.00000E+00, 1.14121E+06, 1.71574E+05, 2.84281E+06, 6.01539E+05, 2.74385E+05,
 3.15346E+05, 4.13270E+04, 2.25971E+05, 0.00000E+00, 0.00000E+00, 4.56860E+06, 9.44677E+05, 1.16574E+07, 2.42241E+06, 2.40616E+05,
 3.06491E+05, 4.05722E+04, 2.19627E+05, 0.00000E+00, 0.00000E+00, 4.01522E+06, 8.27156E+05, 1.02454E+07, 2.09006E+06, 9.68962E+05,
 2.98007E+05, 3.98625E+04, 2.13548E+05, 0.00000E+00, 0.00000E+00, 3.53297E+06, 7.23627E+05, 9.01490E+06, 1.80478E+06, 8.36024E+05,
 2.89878E+05, 3.91947E+04, 2.07721E+05, 0.00000E+00, 0.00000E+00, 3.11272E+06, 6.32426E+05, 7.94252E+06, 1.55991E+06, 7.21913E+05,
 2.82085E+05, 3.85660E+04, 2.02136E+05, 0.00000E+00, 0.00000E+00, 2.74647E+06, 5.52084E+05, 7.00800E+06, 1.34974E+06, 6.23964E+05,
 2.74616E+05, 3.79739E+04, 1.96782E+05, 0.00000E+00, 0.00000E+00, 2.42730E+06, 4.81309E+05, 6.19358E+06, 1.16935E+06, 5.39896E+05,
 2.67457E+05, 3.74159E+04, 1.91655E+05, 0.00000E+00, 0.00000E+00, 2.14915E+06, 4.18961E+05, 5.48385E+06, 1.01451E+06, 4.67739E+05,
 2.60598E+05, 3.68898E+04, 1.86738E+05, 0.00000E+00, 0.00000E+00, 1.90675E+06, 3.64568E+05, 4.86534E+06, 8.81601E+05, 4.05805E+05,
 2.54024E+05, 3.63937E+04, 1.82027E+05, 0.00000E+00, 0.00000E+00, 1.69551E+06, 3.17527E+05, 4.32632E+06, 7.67489E+05, 3.52640E+05,
 2.47721E+05, 3.59254E+04, 1.77512E+05, 0.00000E+00, 0.00000E+00, 1.51142E+06, 2.76086E+05, 3.85660E+06, 6.69505E+05, 3.06996E+05,
 2.41681E+05, 3.54834E+04, 1.73184E+05, 0.00000E+00, 0.00000E+00, 1.35100E+06, 2.39580E+05, 3.44725E+06, 5.85343E+05, 2.67802E+05,
 2.35893E+05, 3.50659E+04, 1.69035E+05, 0.00000E+00, 0.00000E+00, 1.21119E+06, 2.07421E+05, 3.09051E+06, 5.13024E+05, 2.34137E+05,
 2.83070E+05, 4.48704E+04, 2.30827E+05, 0.00000E+00, 0.00000E+00, 4.70725E+06, 9.28813E+05, 1.22937E+07, 1.99403E+06, 2.05210E+05,
 2.76064E+05, 4.38010E+04, 2.25109E+05, 0.00000E+00, 0.00000E+00, 4.14291E+06, 8.12712E+05, 1.08198E+07, 1.71386E+06, 7.97613E+05,
 2.69334E+05, 4.28084E+04, 2.19625E+05, 0.00000E+00, 0.00000E+00, 3.65110E+06, 7.10435E+05, 9.53540E+06, 1.47417E+06, 6.85543E+05,
 2.62874E+05, 4.18937E+04, 2.14355E+05, 0.00000E+00, 0.00000E+00, 3.22254E+06, 6.20335E+05, 8.41607E+06, 1.26914E+06, 5.89669E+05,
 2.56672E+05, 4.10392E+04, 2.09300E+05, 0.00000E+00, 0.00000E+00, 2.84904E+06, 5.40965E+05, 7.44064E+06, 1.09377E+06, 5.07657E+05,
 2.50717E+05, 4.02408E+04, 2.04442E+05, 0.00000E+00, 0.00000E+00, 2.52355E+06, 4.71045E+05, 6.59056E+06, 9.43769E+05, 4.37510E+05,
 2.45003E+05, 3.94946E+04, 1.99781E+05, 0.00000E+00, 0.00000E+00, 2.23988E+06, 4.09450E+05, 5.84976E+06, 8.15457E+05, 3.77508E+05,
 2.39515E+05, 3.87970E+04, 1.95307E+05, 0.00000E+00, 0.00000E+00, 1.99269E+06, 3.55810E+05, 5.20418E+06, 7.05686E+05, 3.26183E+05,
 2.34242E+05, 3.81446E+04, 1.91008E+05, 0.00000E+00, 0.00000E+00, 1.77726E+06, 3.09577E+05, 4.64157E+06, 6.11759E+05, 2.82274E+05,
 2.29182E+05, 3.75345E+04, 1.86885E+05, 0.00000E+00, 0.00000E+00, 1.58953E+06, 2.68849E+05, 4.15126E+06, 5.31361E+05, 2.44703E+05,
 2.24323E+05, 3.69637E+04, 1.82922E+05, 0.00000E+00, 0.00000E+00, 1.42592E+06, 2.32970E+05, 3.72400E+06, 4.62521E+05, 2.12545E+05,
 2.19659E+05, 3.64294E+04, 1.79117E+05, 0.00000E+00, 0.00000E+00, 1.28335E+06, 2.01364E+05, 3.35164E+06, 4.03537E+05, 1.85008E+05,
 2.46899E+05, 4.00775E+04, 2.24578E+05, 0.00000E+00, 0.00000E+00, 5.41546E+06, 9.23243E+05, 1.44651E+07, 1.68663E+06, 1.61415E+05,
 2.41644E+05, 3.94766E+04, 2.19796E+05, 0.00000E+00, 0.00000E+00, 4.76816E+06, 8.07570E+05, 1.27361E+07, 1.43663E+06, 6.74652E+05,
 2.36586E+05, 3.89099E+04, 2.15194E+05, 0.00000E+00, 0.00000E+00, 4.20406E+06, 7.05671E+05, 1.12294E+07, 1.22400E+06, 5.74652E+05,
 2.31726E+05, 3.83753E+04, 2.10774E+05, 0.00000E+00, 0.00000E+00, 3.71249E+06, 6.15905E+05, 9.91634E+06, 1.04320E+06, 4.89601E+05,
 2.27054E+05, 3.78706E+04, 2.06524E+05, 0.00000E+00, 0.00000E+00, 3.28410E+06, 5.36828E+05, 8.77201E+06, 8.89482E+05, 4.17280E+05,
 2.22554E+05, 3.73941E+04, 2.02432E+05, 0.00000E+00, 0.00000E+00, 2.91076E+06, 4.67166E+05, 7.77483E+06, 7.58823E+05, 3.55793E+05,
 2.18233E+05, 3.69440E+04, 1.98500E+05, 0.00000E+00, 0.00000E+00, 2.58539E+06, 4.05799E+05, 6.90579E+06, 6.47763E+05, 3.03529E+05,
 2.14076E+05, 3.65186E+04, 1.94719E+05, 0.00000E+00, 0.00000E+00, 2.30186E+06, 3.52492E+05, 6.14846E+06, 5.53362E+05, 2.59105E+05,
 2.10077E+05, 3.61164E+04, 1.91085E+05, 0.00000E+00, 0.00000E+00, 2.05476E+06, 3.06771E+05, 5.48841E+06, 4.73101E+05, 2.21345E+05,
 2.06235E+05, 3.57360E+04, 1.87589E+05, 0.00000E+00, 0.00000E+00, 1.83944E+06, 2.66494E+05, 4.91328E+06, 4.04854E+05, 1.89241E+05,
 2.02539E+05, 3.53760E+04, 1.84225E+05, 0.00000E+00, 0.00000E+00, 1.65179E+06, 2.31013E+05, 4.41205E+06, 3.46787E+05, 1.61942E+05,
 1.98981E+05, 3.50352E+04, 1.80992E+05, 0.00000E+00, 0.00000E+00, 1.48825E+06, 1.99757E+05, 3.97523E+06, 2.97347E+05, 1.38715E+05,
 2.33885E+05, 3.50265E+04, 2.33856E+05, 0.00000E+00, 0.00000E+00, 5.03458E+06, 6.40799E+05, 1.37443E+07, 9.75844E+05, 1.18939E+05,
 2.28721E+05, 3.44660E+04, 2.28693E+05, 0.00000E+00, 0.00000E+00, 4.44324E+06, 5.59578E+05, 1.21299E+07, 8.15131E+05, 3.90337E+05,
 2.23781E+05, 3.41762E+04, 2.23752E+05, 0.00000E+00, 0.00000E+00, 3.92790E+06, 4.88027E+05, 1.07231E+07, 6.79844E+05, 3.26052E+05,
 2.19061E+05, 3.39013E+04, 2.19034E+05, 0.00000E+00, 0.00000E+00, 3.47881E+06, 4.24996E+05, 9.49708E+06, 5.66026E+05, 2.71938E+05,
 2.14548E+05, 3.36405E+04, 2.14520E+05, 0.00000E+00, 0.00000E+00, 3.08746E+06, 3.69471E+05, 8.42864E+06, 4.70318E+05, 2.26410E+05,
 2.10229E+05, 3.33929E+04, 2.10202E+05, 0.00000E+00, 0.00000E+00, 2.74638E+06, 3.20556E+05, 7.49756E+06, 3.89874E+05, 1.88127E+05,
 2.06101E+05, 3.31578E+04, 2.06074E+05, 0.00000E+00, 0.00000E+00, 2.44914E+06, 2.77467E+05, 6.68610E+06, 3.22270E+05, 1.55949E+05,
 2.02152E+05, 3.29345E+04, 2.02126E+05, 0.00000E+00, 0.00000E+00, 2.19012E+06, 2.40216E+05, 5.97896E+06, 2.65466E+05, 1.28908E+05,
 1.98376E+05, 3.27222E+04, 1.98350E+05, 0.00000E+00, 0.00000E+00, 1.96439E+06, 2.08567E+05, 5.36273E+06, 2.17727E+05, 1.06186E+05,
 1.94765E+05, 3.25204E+04, 1.94740E+05, 0.00000E+00, 0.00000E+00, 1.76767E+06, 1.80687E+05, 4.82568E+06, 1.77585E+05, 8.70907E+04,
 1.91310E+05, 3.23284E+04, 1.91285E+05, 0.00000E+00, 0.00000E+00, 1.59624E+06, 1.56126E+05, 4.35767E+06, 1.43803E+05, 7.10341E+04,
 1.88002E+05, 3.21456E+04, 1.87979E+05, 0.00000E+00, 0.00000E+00, 1.44684E+06, 1.34490E+05, 3.94985E+06, 1.15335E+05, 5.75213E+04,
 2.33976E+05, 3.20339E+04, 2.54317E+05, 0.00000E+00, 0.00000E+00, 5.18284E+06, 7.24579E+05, 1.44516E+07, 3.67070E+05, 4.61342E+04,
 2.29258E+05, 3.19375E+04, 2.49183E+05, 0.00000E+00, 0.00000E+00, 4.57978E+06, 6.33733E+05, 1.27700E+07, 2.75833E+05, 1.46828E+05,
 2.24730E+05, 3.18488E+04, 2.44267E+05, 0.00000E+00, 0.00000E+00, 4.05422E+06, 5.53704E+05, 1.13046E+07, 2.01222E+05, 1.10333E+05,
 2.20391E+05, 3.17675E+04, 2.39548E+05, 0.00000E+00, 0.00000E+00, 3.59623E+06, 4.83205E+05, 1.00276E+07, 1.40386E+05, 8.04888E+04,
 2.16223E+05, 3.16931E+04, 2.35025E+05, 0.00000E+00, 0.00000E+00, 3.19711E+06, 4.21100E+05, 8.91463E+06, 9.09296E+04, 5.61545E+04,
 2.12230E+05, 3.16253E+04, 2.30684E+05, 0.00000E+00, 0.00000E+00, 2.84927E+06, 3.66389E+05, 7.94480E+06, 5.08467E+04, 3.63718E+04,
 2.08403E+05, 3.15637E+04, 2.26520E+05, 0.00000E+00, 0.00000E+00, 2.54615E+06, 3.18194E+05, 7.09959E+06, 1.84591E+04, 2.03387E+04,
 2.04727E+05, 3.15080E+04, 2.22525E+05, 0.00000E+00, 0.00000E+00, 2.28199E+06, 2.76445E+05, 6.36303E+06, 0.00000E+00, 7.38363E+03,
 2.01204E+05, 3.14579E+04, 2.18694E+05, 0.00000E+00, 0.00000E+00, 2.05178E+06, 2.40834E+05, 5.72111E+06, 0.00000E+00, 0.00000E+00,
 1.97822E+05, 3.14129E+04, 2.15020E+05, 0.00000E+00, 0.00000E+00, 1.85117E+06, 2.09463E+05, 5.16172E+06, 0.00000E+00, 0.00000E+00,
 1.94575E+05, 3.13730E+04, 2.11493E+05, 0.00000E+00, 0.00000E+00, 1.67634E+06, 1.81827E+05, 4.67422E+06, 0.00000E+00, 0.00000E+00,
 1.91465E+05, 3.13379E+04, 2.08107E+05, 0.00000E+00, 0.00000E+00, 1.52397E+06, 1.57482E+05, 4.24939E+06, 0.00000E+00, 0.00000E+00,
 2.63026E+05, 3.38544E+04, 3.08060E+05, 0.00000E+00, 0.00000E+00, 5.11552E+06, 6.04612E+05, 1.45601E+07, 0.00000E+00, 0.00000E+00,
 2.56490E+05, 3.37480E+04, 3.00408E+05, 0.00000E+00, 0.00000E+00, 4.52817E+06, 5.28754E+05, 1.28882E+07, 0.00000E+00, 0.00000E+00,
 2.50268E+05, 3.36484E+04, 2.93114E+05, 0.00000E+00, 0.00000E+00, 4.01631E+06, 4.61928E+05, 1.14314E+07, 0.00000E+00, 0.00000E+00,
 2.44341E+05, 3.35552E+04, 2.86174E+05, 0.00000E+00, 0.00000E+00, 3.57026E+06, 4.03059E+05, 1.01618E+07, 0.00000E+00, 0.00000E+00,
 2.38700E+05, 3.34682E+04, 2.79567E+05, 0.00000E+00, 0.00000E+00, 3.18154E+06, 3.51200E+05, 9.05538E+06, 0.00000E+00, 0.00000E+00,
 2.33325E+05, 3.33871E+04, 2.73273E+05, 0.00000E+00, 0.00000E+00, 2.84277E+06, 3.05516E+05, 8.09118E+06, 0.00000E+00, 0.00000E+00,
 2.28204E+05, 3.33116E+04, 2.67282E+05, 0.00000E+00, 0.00000E+00, 2.54754E+06, 2.65271E+05, 7.25089E+06, 0.00000E+00, 0.00000E+00,
 2.23333E+05, 3.32415E+04, 2.61570E+05, 0.00000E+00, 0.00000E+00, 2.29026E+06, 2.30262E+05, 6.51863E+06, 0.00000E+00, 0.00000E+00,
 2.18692E+05, 3.31767E+04, 2.56134E+05, 0.00000E+00, 0.00000E+00, 2.06605E+06, 2.00150E+05, 5.88050E+06, 0.00000E+00, 0.00000E+00,
 2.14265E+05, 3.31168E+04, 2.50954E+05, 0.00000E+00, 0.00000E+00, 1.87067E+06, 1.73623E+05, 5.32437E+06, 0.00000E+00, 0.00000E+00,
 2.10054E+05, 3.30616E+04, 2.46016E+05, 0.00000E+00, 0.00000E+00, 1.70040E+06, 1.50255E+05, 4.83973E+06, 0.00000E+00, 0.00000E+00,
 2.06037E+05, 3.30110E+04, 2.41312E+05, 0.00000E+00, 0.00000E+00, 1.55200E+06, 1.29669E+05, 4.41740E+06, 0.00000E+00, 0.00000E+00,
 2.34864E+05, 3.45144E+04, 2.94299E+05, 0.00000E+00, 0.00000E+00, 4.72138E+06, 4.86395E+05, 1.37092E+07, 0.00000E+00, 0.00000E+00,
 2.30258E+05, 3.44202E+04, 2.88530E+05, 0.00000E+00, 0.00000E+00, 4.19095E+06, 4.24848E+05, 1.21690E+07, 0.00000E+00, 0.00000E+00,
 2.25852E+05, 3.43320E+04, 2.83009E+05, 0.00000E+00, 0.00000E+00, 3.72869E+06, 3.70628E+05, 1.08268E+07, 0.00000E+00, 0.00000E+00,
 2.21645E+05, 3.42497E+04, 2.77735E+05, 0.00000E+00, 0.00000E+00, 3.32586E+06, 3.22865E+05, 9.65707E+06, 0.00000E+00, 0.00000E+00,
 2.17620E+05, 3.41731E+04, 2.72695E+05, 0.00000E+00, 0.00000E+00, 2.97481E+06, 2.80789E+05, 8.63774E+06, 0.00000E+00, 0.00000E+00,
 2.13777E+05, 3.41018E+04, 2.67879E+05, 0.00000E+00, 0.00000E+00, 2.66887E+06, 2.43723E+05, 7.74942E+06, 0.00000E+00, 0.00000E+00,
 2.10101E+05, 3.40357E+04, 2.63269E+05, 0.00000E+00, 0.00000E+00, 2.40224E+06, 2.11071E+05, 6.97526E+06, 0.00000E+00, 0.00000E+00,
 2.06585E+05, 3.39744E+04, 2.58865E+05, 0.00000E+00, 0.00000E+00, 2.16990E+06, 1.82882E+05, 6.30062E+06, 0.00000E+00, 0.00000E+00,
 2.03227E+05, 3.39181E+04, 2.54657E+05, 0.00000E+00, 0.00000E+00, 1.96741E+06, 1.58997E+05, 5.71269E+06, 0.00000E+00, 0.00000E+00,
 2.00016E+05, 3.38663E+04, 2.50631E+05, 0.00000E+00, 0.00000E+00, 1.79096E+06, 1.37956E+05, 5.20031E+06, 0.00000E+00, 0.00000E+00,
 1.96938E+05, 3.38188E+04, 2.46777E+05, 0.00000E+00, 0.00000E+00, 1.63719E+06, 1.19421E+05, 4.75382E+06, 0.00000E+00, 0.00000E+00,
 1.94000E+05, 3.37758E+04, 2.43095E+05, 0.00000E+00, 0.00000E+00, 1.50318E+06, 1.03092E+05, 4.36469E+06, 0.00000E+00, 0.00000E+00,
 2.62681E+05, 3.49377E+04, 3.50096E+05, 0.00000E+00, 0.00000E+00, 4.64963E+06, 6.97857E+05, 1.37656E+07, 0.00000E+00, 0.00000E+00,
 2.56400E+05, 3.47969E+04, 3.41729E+05, 0.00000E+00, 0.00000E+00, 4.13461E+06, 6.11130E+05, 1.22408E+07, 0.00000E+00, 0.00000E+00,
 2.50439E+05, 3.46723E+04, 3.33784E+05, 0.00000E+00, 0.00000E+00, 3.68578E+06, 5.34730E+05, 1.09121E+07, 0.00000E+00, 0.00000E+00,
 2.44784E+05, 3.45623E+04, 3.26241E+05, 0.00000E+00, 0.00000E+00, 3.29465E+06, 4.67427E+05, 9.75402E+06, 0.00000E+00, 0.00000E+00,
 2.39410E+05, 3.44655E+04, 3.19084E+05, 0.00000E+00, 0.00000E+00, 2.95381E+06, 4.08138E+05, 8.74490E+06, 0.00000E+00, 0.00000E+00,
 2.34318E+05, 3.43805E+04, 3.12296E+05, 0.00000E+00, 0.00000E+00, 2.65675E+06, 3.55908E+05, 7.86545E+06, 0.00000E+00, 0.00000E+00,
 2.29479E+05, 3.43064E+04, 3.05846E+05, 0.00000E+00, 0.00000E+00, 2.39787E+06, 3.09898E+05, 7.09908E+06, 0.00000E+00, 0.00000E+00,
 2.24886E+05, 3.42419E+04, 2.99726E+05, 0.00000E+00, 0.00000E+00, 2.17227E+06, 2.69809E+05, 6.43119E+06, 0.00000E+00, 0.00000E+00,
 2.20528E+05, 3.41865E+04, 2.93917E+05, 0.00000E+00, 0.00000E+00, 1.97567E+06, 2.35222E+05, 5.84916E+06, 0.00000E+00, 0.00000E+00,
 2.16385E+05, 3.41389E+04, 2.88396E+05, 0.00000E+00, 0.00000E+00, 1.80435E+06, 2.04753E+05, 5.34193E+06, 0.00000E+00, 0.00000E+00,
 2.12452E+05, 3.40986E+04, 2.83156E+05, 0.00000E+00, 0.00000E+00, 1.65505E+06, 1.77913E+05, 4.89990E+06, 0.00000E+00, 0.00000E+00,
 2.08721E+05, 3.40652E+04, 2.78180E+05, 0.00000E+00, 0.00000E+00, 1.52493E+06, 1.54268E+05, 4.51469E+06, 0.00000E+00, 0.00000E+00,
 2.72977E+05, 3.40377E+04, 3.85064E+05, 0.00000E+00, 0.00000E+00, 4.85212E+06, 5.55158E+05, 1.46391E+07, 0.00000E+00, 0.00000E+00,
 2.66462E+05, 3.40159E+04, 3.75862E+05, 0.00000E+00, 0.00000E+00, 4.31760E+06, 4.85539E+05, 1.30264E+07, 0.00000E+00, 0.00000E+00,
 2.60284E+05, 3.39993E+04, 3.67151E+05, 0.00000E+00, 0.00000E+00, 3.85178E+06, 4.24211E+05, 1.16211E+07, 0.00000E+00, 0.00000E+00,
 2.54419E+05, 3.39873E+04, 3.58873E+05, 0.00000E+00, 0.00000E+00, 3.44585E+06, 3.70184E+05, 1.03963E+07, 0.00000E+00, 0.00000E+00,
 2.48851E+05, 3.39796E+04, 3.51027E+05, 0.00000E+00, 0.00000E+00, 3.09209E+06, 3.22591E+05, 9.32895E+06, 0.00000E+00, 0.00000E+00,
 2.43572E+05, 3.39759E+04, 3.43578E+05, 0.00000E+00, 0.00000E+00, 2.78379E+06, 2.80665E+05, 8.39881E+06, 0.00000E+00, 0.00000E+00,
 2.38567E+05, 3.39760E+04, 3.36517E+05, 0.00000E+00, 0.00000E+00, 2.51510E+06, 2.43731E+05, 7.58821E+06, 0.00000E+00, 0.00000E+00,
 2.33814E+05, 3.39795E+04, 3.29813E+05, 0.00000E+00, 0.00000E+00, 2.28096E+06, 2.11549E+05, 6.88181E+06, 0.00000E+00, 0.00000E+00,
 2.29301E+05, 3.39861E+04, 3.23449E+05, 0.00000E+00, 0.00000E+00, 2.07691E+06, 1.83782E+05, 6.26621E+06, 0.00000E+00, 0.00000E+00,
 2.25022E+05, 3.39957E+04, 3.17413E+05, 0.00000E+00, 0.00000E+00, 1.89911E+06, 1.59322E+05, 5.72972E+06, 0.00000E+00, 0.00000E+00,
 2.20959E+05, 3.40081E+04, 3.11680E+05, 0.00000E+00, 0.00000E+00, 1.74415E+06, 1.37773E+05, 5.26220E+06, 0.00000E+00, 0.00000E+00,
 2.17106E+05, 3.40232E+04, 3.06242E+05, 0.00000E+00, 0.00000E+00, 1.60910E+06, 1.18791E+05, 4.85478E+06, 0.00000E+00, 0.00000E+00,
 2.44741E+05, 3.40406E+04, 3.63848E+05, 0.00000E+00, 0.00000E+00, 4.79013E+06, 8.51791E+05, 1.47205E+07, 0.00000E+00, 0.00000E+00,
 2.40339E+05, 3.40602E+04, 3.57296E+05, 0.00000E+00, 0.00000E+00, 4.26984E+06, 7.45915E+05, 1.31216E+07, 0.00000E+00, 0.00000E+00,
 2.36139E+05, 3.40820E+04, 3.51062E+05, 0.00000E+00, 0.00000E+00, 3.81641E+06, 6.52646E+05, 1.17283E+07, 0.00000E+00, 0.00000E+00,
 2.32141E+05, 3.41057E+04, 3.45120E+05, 0.00000E+00, 0.00000E+00, 3.42128E+06, 5.70482E+05, 1.05140E+07, 0.00000E+00, 0.00000E+00,
 2.28330E+05, 3.41314E+04, 3.39449E+05, 0.00000E+00, 0.00000E+00, 3.07693E+06, 4.98102E+05, 9.45576E+06, 0.00000E+00, 0.00000E+00,
 2.24705E+05, 3.41588E+04, 3.34060E+05, 0.00000E+00, 0.00000E+00, 2.77683E+06, 4.34340E+05, 8.53355E+06, 0.00000E+00, 0.00000E+00,
 2.21248E+05, 3.41879E+04, 3.28916E+05, 0.00000E+00, 0.00000E+00, 2.51530E+06, 3.78170E+05, 7.72989E+06, 0.00000E+00, 0.00000E+00,
 2.17951E+05, 3.42186E+04, 3.24017E+05, 0.00000E+00, 0.00000E+00, 2.28739E+06, 3.29265E+05, 7.02949E+06, 0.00000E+00, 0.00000E+00,
 2.14807E+05, 3.42509E+04, 3.19343E+05, 0.00000E+00, 0.00000E+00, 2.08877E+06, 2.87130E+05, 6.41914E+06, 0.00000E+00, 0.00000E+00,
 2.11809E+05, 3.42846E+04, 3.14889E+05, 0.00000E+00, 0.00000E+00, 1.91570E+06, 2.50012E+05, 5.88724E+06, 0.00000E+00, 0.00000E+00,
 2.08956E+05, 3.43195E+04, 3.10647E+05, 0.00000E+00, 0.00000E+00, 1.76486E+06, 2.17314E+05, 5.42367E+06, 0.00000E+00, 0.00000E+00,
 2.06233E+05, 3.43558E+04, 3.06601E+05, 0.00000E+00, 0.00000E+00, 1.63341E+06, 1.88509E+05, 5.01974E+06, 0.00000E+00, 0.00000E+00,
 2.66402E+05, 3.52178E+04, 4.15899E+05, 0.00000E+00, 0.00000E+00, 4.64023E+06, 7.72283E+05, 1.45183E+07, 0.00000E+00, 0.00000E+00,
 2.56336E+05, 3.52269E+04, 4.00188E+05, 0.00000E+00, 0.00000E+00, 4.14512E+06, 6.75874E+05, 1.29691E+07, 0.00000E+00, 0.00000E+00,
 2.47533E+05, 3.52384E+04, 3.86444E+05, 0.00000E+00, 0.00000E+00, 3.71365E+06, 5.90945E+05, 1.16192E+07, 0.00000E+00, 0.00000E+00,
 2.39817E+05, 3.52522E+04, 3.74399E+05, 0.00000E+00, 0.00000E+00, 3.33763E+06, 5.16128E+05, 1.04427E+07, 0.00000E+00, 0.00000E+00,
 2.33020E+05, 3.52683E+04, 3.63789E+05, 0.00000E+00, 0.00000E+00, 3.00996E+06, 4.50220E+05, 9.41742E+06, 0.00000E+00, 0.00000E+00,
 2.27009E+05, 3.52864E+04, 3.54404E+05, 0.00000E+00, 0.00000E+00, 2.72439E+06, 3.92159E+05, 8.52396E+06, 0.00000E+00, 0.00000E+00,
 2.21675E+05, 3.53066E+04, 3.46072E+05, 0.00000E+00, 0.00000E+00, 2.47552E+06, 3.41012E+05, 7.74535E+06, 0.00000E+00, 0.00000E+00,
 2.16912E+05, 3.53286E+04, 3.38636E+05, 0.00000E+00, 0.00000E+00, 2.25864E+06, 2.96354E+05, 7.06678E+06, 0.00000E+00, 0.00000E+00,
 2.12649E+05, 3.53525E+04, 3.31975E+05, 0.00000E+00, 0.00000E+00, 2.06964E+06, 2.57669E+05, 6.47547E+06, 0.00000E+00, 0.00000E+00,
 2.08806E+05, 3.53781E+04, 3.25986E+05, 0.00000E+00, 0.00000E+00, 1.90494E+06, 2.23590E+05, 5.96014E+06, 0.00000E+00, 0.00000E+00,
 2.05338E+05, 3.54057E+04, 3.20566E+05, 0.00000E+00, 0.00000E+00, 1.76141E+06, 1.93570E+05, 5.51107E+06, 0.00000E+00, 0.00000E+00,
 2.02189E+05, 3.54348E+04, 3.15653E+05, 0.00000E+00, 0.00000E+00, 1.63632E+06, 1.67123E+05, 5.11968E+06, 0.00000E+00, 0.00000E+00,
 4.87931E+05, 4.38768E+04, 7.97396E+05, 0.00000E+00, 0.00000E+00, 5.96107E+06, 6.59260E+05, 1.89799E+07, 0.00000E+00, 0.00000E+00,
 4.60716E+05, 3.99372E+04, 7.52936E+05, 0.00000E+00, 0.00000E+00, 5.30461E+06, 5.76075E+05, 1.68897E+07, 0.00000E+00, 0.00000E+00,
 4.35943E+05, 3.81716E+04, 7.12449E+05, 0.00000E+00, 0.00000E+00, 4.73252E+06, 5.02794E+05, 1.50682E+07, 0.00000E+00, 0.00000E+00,
 4.13377E+05, 3.73841E+04, 6.75561E+05, 0.00000E+00, 0.00000E+00, 4.23396E+06, 4.38239E+05, 1.34808E+07, 0.00000E+00, 0.00000E+00,
 3.92806E+05, 3.70372E+04, 6.41940E+05, 0.00000E+00, 0.00000E+00, 3.79949E+06, 3.81371E+05, 1.20975E+07, 0.00000E+00, 0.00000E+00,
 3.74052E+05, 3.68893E+04, 6.11282E+05, 0.00000E+00, 0.00000E+00, 3.42085E+06, 3.31274E+05, 1.08920E+07, 0.00000E+00, 0.00000E+00,
 3.56929E+05, 3.68324E+04, 5.83326E+05, 0.00000E+00, 0.00000E+00, 3.09087E+06, 2.87143E+05, 9.84135E+06, 0.00000E+00, 0.00000E+00,
 3.41317E+05, 3.68171E+04, 5.57804E+05, 0.00000E+00, 0.00000E+00, 2.80331E+06, 2.48974E+05, 8.92580E+06, 0.00000E+00, 0.00000E+00,
 3.27066E+05, 3.68220E+04, 5.34507E+05, 0.00000E+00, 0.00000E+00, 2.55272E+06, 2.16517E+05, 8.12792E+06, 0.00000E+00, 0.00000E+00,
 3.14049E+05, 3.68368E+04, 5.13239E+05, 0.00000E+00, 0.00000E+00, 2.33433E+06, 1.87924E+05, 7.43255E+06, 0.00000E+00, 0.00000E+00,
 3.02156E+05, 3.68572E+04, 4.93799E+05, 0.00000E+00, 0.00000E+00, 2.14402E+06, 1.62736E+05, 6.82662E+06, 0.00000E+00, 0.00000E+00,
 2.91289E+05, 3.68810E+04, 4.76039E+05, 0.00000E+00, 0.00000E+00, 1.97815E+06, 1.40547E+05, 6.29850E+06, 0.00000E+00, 0.00000E+00,
 9.66404E+05, 4.44943E+04, 1.64871E+06, 1.39514E+06, 0.00000E+00, 5.45158E+06, 8.70722E+05, 1.76568E+07, 0.00000E+00, 0.00000E+00,
 8.81550E+05, 4.05806E+04, 1.50393E+06, 1.26691E+06, 5.58055E+05, 4.86747E+06, 7.62357E+05, 1.57648E+07, 0.00000E+00, 0.00000E+00,
 8.06471E+05, 3.88399E+04, 1.37580E+06, 1.15375E+06, 5.06763E+05, 4.35842E+06, 6.66896E+05, 1.41161E+07, 0.00000E+00, 0.00000E+00,
 7.39995E+05, 3.80763E+04, 1.26245E+06, 1.05389E+06, 4.61500E+05, 3.91481E+06, 5.82801E+05, 1.26794E+07, 0.00000E+00, 0.00000E+00,
 6.81190E+05, 3.77523E+04, 1.16210E+06, 9.65707E+05, 4.21557E+05, 3.52822E+06, 5.08720E+05, 1.14272E+07, 0.00000E+00, 0.00000E+00,
 6.29105E+05, 3.76266E+04, 1.07323E+06, 8.87773E+05, 3.86283E+05, 3.19131E+06, 4.43460E+05, 1.03361E+07, 0.00000E+00, 0.00000E+00,
 5.82948E+05, 3.75906E+04, 9.94507E+05, 8.18877E+05, 3.55109E+05, 2.89769E+06, 3.85970E+05, 9.38516E+06, 0.00000E+00, 0.00000E+00,
 5.42071E+05, 3.75956E+04, 9.24774E+05, 7.57944E+05, 3.27551E+05, 2.64183E+06, 3.35901E+05, 8.55648E+06, 0.00000E+00, 0.00000E+00,
 5.05829E+05, 3.76199E+04, 8.62937E+05, 7.03984E+05, 3.03178E+05, 2.41885E+06, 2.92742E+05, 7.83427E+06, 0.00000E+00, 0.00000E+00,
 4.73704E+05, 3.76532E+04, 8.08135E+05, 6.56206E+05, 2.81594E+05, 2.22453E+06, 2.54721E+05, 7.20492E+06, 0.00000E+00, 0.00000E+00,
 4.45195E+05, 3.76914E+04, 7.59500E+05, 6.13828E+05, 2.62482E+05, 2.05519E+06, 2.21228E+05, 6.65645E+06, 0.00000E+00, 0.00000E+00,
 4.19912E+05, 3.77322E+04, 7.16358E+05, 5.76238E+05, 2.45531E+05, 1.90760E+06, 1.91723E+05, 6.17849E+06, 0.00000E+00, 0.00000E+00,
 1.52785E+06, 4.53617E+04, 2.71430E+06, 2.17307E+06, 2.30495E+05, 5.36150E+06, 7.74880E+05, 1.76573E+07, 0.00000E+00, 0.00000E+00,
 1.38518E+06, 4.14638E+04, 2.46088E+06, 1.96083E+06, 8.69229E+05, 4.79575E+06, 6.77927E+05, 1.57940E+07, 0.00000E+00, 0.00000E+00,
 1.25938E+06, 3.97381E+04, 2.23738E+06, 1.77424E+06, 7.84331E+05, 4.30272E+06, 5.92519E+05, 1.41703E+07, 0.00000E+00, 0.00000E+00,
 1.14846E+06, 3.89888E+04, 2.04027E+06, 1.61018E+06, 7.09697E+05, 3.87306E+06, 5.17281E+05, 1.27553E+07, 0.00000E+00, 0.00000E+00,
 1.05062E+06, 3.86786E+04, 1.86645E+06, 1.46591E+06, 6.44072E+05, 3.49864E+06, 4.51001E+05, 1.15221E+07, 0.00000E+00, 0.00000E+00,
 9.64285E+05, 3.85662E+04, 1.71312E+06, 1.33897E+06, 5.86365E+05, 3.17231E+06, 3.92613E+05, 1.04474E+07, 0.00000E+00, 0.00000E+00,
 8.88121E+05, 3.85427E+04, 1.57783E+06, 1.22723E+06, 5.35589E+05, 2.88794E+06, 3.41178E+05, 9.51091E+06, 0.00000E+00, 0.00000E+00,
 8.20915E+05, 3.85599E+04, 1.45835E+06, 1.12877E+06, 4.90894E+05, 2.64012E+06, 2.96354E+05, 8.69476E+06, 0.00000E+00, 0.00000E+00,
 7.61582E+05, 3.85957E+04, 1.35296E+06, 1.04205E+06, 4.51507E+05, 2.42415E+06, 2.57669E+05, 7.98348E+06, 0.00000E+00, 0.00000E+00,
 7.09199E+05, 3.86404E+04, 1.25989E+06, 9.65582E+05, 4.16820E+05, 2.23595E+06, 2.23590E+05, 7.36370E+06, 0.00000E+00, 0.00000E+00,
 6.62932E+05, 3.86892E+04, 1.17770E+06, 8.98114E+05, 3.86233E+05, 2.07193E+06, 1.93570E+05, 6.82354E+06, 0.00000E+00, 0.00000E+00,
 6.22040E+05, 3.87402E+04, 1.10509E+06, 8.38545E+05, 3.59246E+05, 1.92899E+06, 1.67123E+05, 6.35283E+06, 0.00000E+00, 0.00000E+00,
 2.05953E+06, 6.15534E+04, 3.80173E+06, 2.87031E+06, 3.35418E+05, 4.96131E+06, 9.87263E+05, 1.66075E+07, 0.00000E+00, 0.00000E+00,
 1.87502E+06, 4.97807E+04, 3.46116E+06, 2.60003E+06, 1.14812E+06, 4.45298E+06, 8.64202E+05, 1.49059E+07, 0.00000E+00, 0.00000E+00,
 1.71159E+06, 4.45226E+04, 3.15946E+06, 2.36138E+06, 1.04001E+06, 4.00999E+06, 7.55794E+05, 1.34231E+07, 0.00000E+00, 0.00000E+00,
 1.56679E+06, 4.21911E+04, 2.89216E+06, 2.15061E+06, 9.44552E+05, 3.62395E+06, 6.60294E+05, 1.21308E+07, 0.00000E+00, 0.00000E+00,
 1.43847E+06, 4.11746E+04, 2.65529E+06, 1.96438E+06, 8.60244E+05, 3.28753E+06, 5.76165E+05, 1.10047E+07, 0.00000E+00, 0.00000E+00,
 1.32477E+06, 4.07491E+04, 2.44540E+06, 1.79982E+06, 7.85753E+05, 2.99433E+06, 5.02054E+05, 1.00233E+07, 0.00000E+00, 0.00000E+00,
 1.22402E+06, 4.05892E+04, 2.25941E+06, 1.65434E+06, 7.19927E+05, 2.73882E+06, 4.36767E+05, 9.16797E+06, 0.00000E+00, 0.00000E+00,
 1.13470E+06, 4.05489E+04, 2.09453E+06, 1.52565E+06, 6.61737E+05, 2.51615E+06, 3.79963E+05, 8.42265E+06, 0.00000E+00, 0.00000E+00,
 1.05550E+06, 4.05627E+04, 1.94840E+06, 1.41181E+06, 6.10262E+05, 2.32210E+06, 3.31088E+05, 7.77312E+06, 0.00000E+00, 0.00000E+00,
 9.85292E+05, 4.06011E+04, 1.81881E+06, 1.31100E+06, 5.64723E+05, 2.15300E+06, 2.88033E+05, 7.20702E+06, 0.00000E+00, 0.00000E+00,
 9.23059E+05, 4.06504E+04, 1.70392E+06, 1.22171E+06, 5.24400E+05, 2.00563E+06, 2.50104E+05, 6.71375E+06, 0.00000E+00, 0.00000E+00,
 8.67863E+05, 4.07051E+04, 1.60204E+06, 1.14257E+06, 4.88684E+05, 1.87720E+06, 2.16692E+05, 6.28388E+06, 0.00000E+00, 0.00000E+00,
 3.43178E+06, 4.07624E+04, 6.56951E+06, 4.66041E+06, 4.57029E+05, 5.17046E+06, 1.21813E+06, 1.75853E+07, 0.00000E+00, 0.00000E+00,
 3.15982E+06, 4.08211E+04, 6.04873E+06, 4.26798E+06, 1.86416E+06, 4.64171E+06, 1.06687E+06, 1.57871E+07, 0.00000E+00, 0.00000E+00,
 2.91465E+06, 4.08806E+04, 5.57952E+06, 3.91571E+06, 1.70719E+06, 4.18092E+06, 9.33629E+05, 1.42199E+07, 0.00000E+00, 0.00000E+00,
 2.69365E+06, 4.09405E+04, 5.15654E+06, 3.59927E+06, 1.56628E+06, 3.77937E+06, 8.16251E+05, 1.28541E+07, 0.00000E+00, 0.00000E+00,
 2.49448E+06, 4.10009E+04, 4.77529E+06, 3.31501E+06, 1.43971E+06, 3.42943E+06, 7.12850E+05, 1.16639E+07, 0.00000E+00, 0.00000E+00,
 2.31492E+06, 4.10617E+04, 4.43153E+06, 3.05953E+06, 1.32600E+06, 3.12445E+06, 6.21760E+05, 1.06267E+07, 0.00000E+00, 0.00000E+00,
 2.15301E+06, 4.11228E+04, 4.12145E+06, 2.82979E+06, 1.22381E+06, 2.85867E+06, 5.41517E+05, 9.72278E+06, 0.00000E+00, 0.00000E+00,
 2.00702E+06, 4.11841E+04, 3.84198E+06, 2.62330E+06, 1.13192E+06, 2.62706E+06, 4.71404E+05, 8.93502E+06, 0.00000E+00, 0.00000E+00,
 1.87538E+06, 4.12460E+04, 3.59000E+06, 2.43761E+06, 1.04932E+06, 2.42522E+06, 4.10587E+05, 8.24858E+06, 0.00000E+00, 0.00000E+00,
 1.75667E+06, 4.13079E+04, 3.36275E+06, 2.27053E+06, 9.75043E+05, 2.24931E+06, 3.57011E+05, 7.65032E+06, 0.00000E+00, 0.00000E+00,
 1.64960E+06, 4.13700E+04, 3.15780E+06, 2.12014E+06, 9.08213E+05, 2.09602E+06, 3.09815E+05, 7.12896E+06, 0.00000E+00, 0.00000E+00,
 1.55305E+06, 4.14325E+04, 2.97295E+06, 1.98474E+06, 8.48058E+05, 1.96243E+06, 2.68239E+05, 6.67463E+06, 0.00000E+00, 0.00000E+00,
 3.10534E+06, 7.32346E+04, 6.15370E+06, 4.08483E+06, 7.93897E+05, 6.10247E+06, 7.93904E+05, 2.10812E+07, 0.00000E+00, 0.00000E+00,
 2.90224E+06, 7.03713E+04, 5.75119E+06, 3.79578E+06, 1.63393E+06, 5.46201E+06, 6.93280E+05, 1.88686E+07, 0.00000E+00, 0.00000E+00,
 2.71734E+06, 6.77366E+04, 5.38470E+06, 3.53344E+06, 1.51831E+06, 4.90386E+06, 6.04638E+05, 1.69406E+07, 0.00000E+00, 0.00000E+00,
 2.54898E+06, 6.53130E+04, 5.05112E+06, 3.29535E+06, 1.41338E+06, 4.41746E+06, 5.26551E+05, 1.52602E+07, 0.00000E+00, 0.00000E+00,
 2.39563E+06, 6.30836E+04, 4.74723E+06, 3.07905E+06, 1.31814E+06, 3.99358E+06, 4.57761E+05, 1.37959E+07, 0.00000E+00, 0.00000E+00,
 2.25588E+06, 6.10334E+04, 4.47030E+06, 2.88245E+06, 1.23162E+06, 3.62417E+06, 3.97163E+05, 1.25197E+07, 0.00000E+00, 0.00000E+00,
 2.12847E+06, 5.91486E+04, 4.21786E+06, 2.70365E+06, 1.15298E+06, 3.30223E+06, 3.43780E+05, 1.14077E+07, 0.00000E+00, 0.00000E+00,
 2.01232E+06, 5.74160E+04, 3.98766E+06, 2.54094E+06, 1.08146E+06, 3.02169E+06, 2.97550E+05, 1.04385E+07, 0.00000E+00, 0.00000E+00,
 1.90638E+06, 5.58240E+04, 3.77770E+06, 2.39279E+06, 1.01637E+06, 2.77720E+06, 2.58137E+05, 9.59390E+06, 0.00000E+00, 0.00000E+00,
 1.80970E+06, 5.43615E+04, 3.58620E+06, 2.25787E+06, 9.57118E+05, 2.56413E+06, 2.23417E+05, 8.85787E+06, 0.00000E+00, 0.00000E+00,
 1.72148E+06, 5.30183E+04, 3.41136E+06, 2.13483E+06, 9.03148E+05, 2.37845E+06, 1.92831E+05, 8.21645E+06, 0.00000E+00, 0.00000E+00,
 1.64097E+06, 5.17852E+04, 3.25184E+06, 2.02265E+06, 8.53931E+05, 2.21662E+06, 1.65887E+05, 7.65745E+06, 0.00000E+00, 0.00000E+00,
 2.81894E+06, 1.64134E+05, 5.77328E+06, 3.56904E+06, 8.09058E+05, 5.72908E+06, 7.04442E+05, 2.00956E+07, 0.00000E+00, 0.00000E+00,
 2.62549E+06, 1.44052E+05, 5.37715E+06, 3.30372E+06, 1.42762E+06, 5.14354E+06, 6.15174E+05, 1.80416E+07, 0.00000E+00, 0.00000E+00,
 2.45164E+06, 1.27369E+05, 5.02106E+06, 3.06586E+06, 1.32149E+06, 4.63325E+06, 5.36535E+05, 1.62518E+07, 0.00000E+00, 0.00000E+00,
 2.29527E+06, 1.13502E+05, 4.70086E+06, 2.85248E+06, 1.22634E+06, 4.18856E+06, 4.67260E+05, 1.46920E+07, 0.00000E+00, 0.00000E+00,
 2.15466E+06, 1.01969E+05, 4.41285E+06, 2.66095E+06, 1.14099E+06, 3.80104E+06, 4.06233E+05, 1.33327E+07, 0.00000E+00, 0.00000E+00,
 2.02818E+06, 9.23704E+04, 4.15380E+06, 2.48896E+06, 1.06438E+06, 3.46330E+06, 3.52473E+05, 1.21480E+07, 0.00000E+00, 0.00000E+00,
 1.91436E+06, 8.43770E+04, 3.92073E+06, 2.33440E+06, 9.95582E+05, 3.16897E+06, 3.05114E+05, 1.11157E+07, 0.00000E+00, 0.00000E+00,
 1.81192E+06, 7.77153E+04, 3.71092E+06, 2.19538E+06, 9.33761E+05, 2.91247E+06, 2.64369E+05, 1.02160E+07, 0.00000E+00, 0.00000E+00,
 1.71975E+06, 7.21589E+04, 3.52208E+06, 2.07028E+06, 8.78153E+05, 2.68895E+06, 2.30078E+05, 9.43198E+06, 0.00000E+00, 0.00000E+00,
 1.63671E+06, 6.75209E+04, 3.35207E+06, 1.95761E+06, 8.28111E+05, 2.49415E+06, 1.99871E+05, 8.74870E+06, 0.00000E+00, 0.00000E+00,
 1.56197E+06, 6.36461E+04, 3.19897E+06, 1.85604E+06, 7.83045E+05, 2.32439E+06, 1.73260E+05, 8.15329E+06, 0.00000E+00, 0.00000E+00,
 1.49464E+06, 6.04058E+04, 3.06106E+06, 1.76439E+06, 7.42418E+05, 2.17645E+06, 1.49818E+05, 7.63438E+06, 0.00000E+00, 0.00000E+00,
 5.13364E+06, 2.33055E+05, 1.08509E+07, 6.21322E+06, 7.05757E+05, 5.70101E+06, 1.25375E+06, 2.02973E+07, 0.00000E+00, 0.00000E+00,
 4.69445E+06, 2.15287E+05, 9.92249E+06, 5.64392E+06, 2.48529E+06, 5.12600E+06, 1.09884E+06, 1.82501E+07, 0.00000E+00, 0.00000E+00,
 4.30340E+06, 1.99617E+05, 9.09587E+06, 5.13917E+06, 2.25757E+06, 4.62490E+06, 9.62377E+05, 1.64659E+07, 0.00000E+00, 0.00000E+00,
 3.95520E+06, 1.85792E+05, 8.35973E+06, 4.69148E+06, 2.05567E+06, 4.18821E+06, 8.42161E+05, 1.49112E+07, 0.00000E+00, 0.00000E+00,
 3.64506E+06, 1.73589E+05, 7.70418E+06, 4.29431E+06, 1.87659E+06, 3.80766E+06, 7.36260E+05, 1.35563E+07, 0.00000E+00, 0.00000E+00,
 3.36881E+06, 1.62814E+05, 7.12037E+06, 3.94183E+06, 1.71772E+06, 3.47599E+06, 6.42969E+05, 1.23756E+07, 0.00000E+00, 0.00000E+00,
 3.12270E+06, 1.53298E+05, 6.60028E+06, 3.62884E+06, 1.57673E+06, 3.18696E+06, 5.60786E+05, 1.13466E+07, 0.00000E+00, 0.00000E+00,
 2.90353E+06, 1.44890E+05, 6.13707E+06, 3.35084E+06, 1.45153E+06, 2.93508E+06, 4.88920E+05, 1.04499E+07, 0.00000E+00, 0.00000E+00,
 2.70832E+06, 1.37460E+05, 5.72439E+06, 3.10376E+06, 1.34034E+06, 2.71558E+06, 4.26486E+05, 9.66844E+06, 0.00000E+00, 0.00000E+00,
 2.53439E+06, 1.30893E+05, 5.35685E+06, 2.88413E+06, 1.24151E+06, 2.52429E+06, 3.71486E+05, 8.98746E+06, 0.00000E+00, 0.00000E+00,
 2.37949E+06, 1.25087E+05, 5.02930E+06, 2.68867E+06, 1.15365E+06, 2.35759E+06, 3.23035E+05, 8.39396E+06, 0.00000E+00, 0.00000E+00,
 2.24143E+06, 1.19954E+05, 4.73756E+06, 2.51470E+06, 1.07547E+06, 2.21230E+06, 2.80353E+05, 7.87671E+06, 0.00000E+00, 0.00000E+00,
 9.41670E+06, 7.99026E+05, 2.05131E+07, 1.08104E+07, 1.00588E+06, 5.27808E+06, 8.05044E+05, 1.90684E+07, 0.00000E+00, 0.00000E+00,
 8.53882E+06, 7.47431E+05, 1.86011E+07, 9.73207E+06, 4.32417E+06, 4.76348E+06, 7.03563E+05, 1.72093E+07, 0.00000E+00, 0.00000E+00,
 7.75896E+06, 6.99716E+05, 1.69019E+07, 8.77887E+06, 3.89283E+06, 4.31503E+06, 6.14165E+05, 1.55893E+07, 0.00000E+00, 0.00000E+00,
 7.06611E+06, 6.55585E+05, 1.53928E+07, 7.93655E+06, 3.51155E+06, 3.92422E+06, 5.35412E+05, 1.41773E+07, 0.00000E+00, 0.00000E+00,
 6.45081E+06, 6.14760E+05, 1.40522E+07, 7.19189E+06, 3.17462E+06, 3.58365E+06, 4.66036E+05, 1.29470E+07, 0.00000E+00, 0.00000E+00,
 5.90402E+06, 5.76990E+05, 1.28614E+07, 6.53357E+06, 2.87676E+06, 3.28684E+06, 4.04921E+05, 1.18746E+07, 0.00000E+00, 0.00000E+00,
 5.41836E+06, 5.42041E+05, 1.18031E+07, 5.95114E+06, 2.61343E+06, 3.02817E+06, 3.51083E+05, 1.09402E+07, 0.00000E+00, 0.00000E+00,
 4.98682E+06, 5.09698E+05, 1.08633E+07, 5.43601E+06, 2.38045E+06, 2.80275E+06, 3.04187E+05, 1.01259E+07, 0.00000E+00, 0.00000E+00,
 4.60353E+06, 4.79764E+05, 1.00282E+07, 4.98002E+06, 2.17441E+06, 2.60631E+06, 2.63749E+05, 9.41621E+06, 0.00000E+00, 0.00000E+00,
 4.26303E+06, 4.52056E+05, 9.28651E+06, 4.57639E+06, 1.99201E+06, 2.43512E+06, 2.28126E+05, 8.79774E+06, 0.00000E+00, 0.00000E+00,
 3.96060E+06, 4.26407E+05, 8.62753E+06, 4.21886E+06, 1.83056E+06, 2.28594E+06, 1.96745E+05, 8.25874E+06, 0.00000E+00, 0.00000E+00,
 3.69177E+06, 4.02660E+05, 8.04202E+06, 3.90199E+06, 1.68754E+06, 2.15592E+06, 1.69101E+05, 7.78908E+06, 0.00000E+00, 0.00000E+00,
 1.57628E+07, 3.98871E+06, 3.53453E+07, 1.70152E+07, 1.56080E+06, 5.80251E+06, 6.60182E+05, 2.12652E+07, 0.00000E+00, 0.00000E+00,
 1.39902E+07, 3.52972E+06, 3.13707E+07, 1.49826E+07, 6.80610E+06, 5.22765E+06, 5.76067E+05, 1.91584E+07, 0.00000E+00, 0.00000E+00,
 1.24426E+07, 3.12445E+06, 2.79000E+07, 1.32190E+07, 5.99306E+06, 4.72667E+06, 5.01967E+05, 1.73223E+07, 0.00000E+00, 0.00000E+00,
 1.10910E+07, 2.76660E+06, 2.48693E+07, 1.16886E+07, 5.28761E+06, 4.29009E+06, 4.36690E+05, 1.57224E+07, 0.00000E+00, 0.00000E+00,
 9.91062E+06, 2.45057E+06, 2.22224E+07, 1.03601E+07, 4.67542E+06, 3.90962E+06, 3.79187E+05, 1.43280E+07, 0.00000E+00, 0.00000E+00,
 8.87947E+06, 2.17143E+06, 1.99106E+07, 9.20668E+06, 4.14404E+06, 3.57804E+06, 3.28530E+05, 1.31128E+07, 0.00000E+00, 0.00000E+00,
 7.97892E+06, 1.92485E+06, 1.78908E+07, 8.20472E+06, 3.68267E+06, 3.28907E+06, 2.83905E+05, 1.20539E+07, 0.00000E+00, 0.00000E+00,
 7.19222E+06, 1.70700E+06, 1.61273E+07, 7.33469E+06, 3.28189E+06, 3.03726E+06, 2.45656E+05, 1.11311E+07, 0.00000E+00, 0.00000E+00,
 6.50500E+06, 1.51451E+06, 1.45862E+07, 6.57838E+06, 2.93388E+06, 2.81782E+06, 2.13711E+05, 1.03269E+07, 0.00000E+00, 0.00000E+00,
 5.90459E+06, 1.34440E+06, 1.32401E+07, 5.92097E+06, 2.63135E+06, 2.62657E+06, 1.85569E+05, 9.62599E+06, 0.00000E+00, 0.00000E+00,
 5.38004E+06, 1.19404E+06, 1.20636E+07, 5.34900E+06, 2.36839E+06, 2.45991E+06, 1.60779E+05, 9.01522E+06, 0.00000E+00, 0.00000E+00,
 4.92166E+06, 1.06112E+06, 1.10359E+07, 4.85140E+06, 2.13960E+06, 2.31466E+06, 1.38940E+05, 8.48294E+06, 0.00000E+00, 0.00000E+00,
 1.17907E+07, 4.17810E+06, 2.71832E+07, 1.18464E+07, 1.94056E+06, 5.98345E+06, 6.35135E+05, 2.22388E+07, 0.00000E+00, 0.00000E+00,
 1.03381E+07, 3.83367E+06, 2.38343E+07, 1.02964E+07, 4.73857E+06, 5.39253E+06, 5.55526E+05, 2.00423E+07, 0.00000E+00, 0.00000E+00,
 9.06779E+06, 3.50175E+06, 2.09059E+07, 8.95191E+06, 4.11857E+06, 4.87757E+06, 4.85395E+05, 1.81281E+07, 0.00000E+00, 0.00000E+00,
 7.95674E+06, 3.17943E+06, 1.83447E+07, 7.78548E+06, 3.58076E+06, 4.42879E+06, 4.23615E+05, 1.64601E+07, 0.00000E+00, 0.00000E+00,
 6.98524E+06, 2.86747E+06, 1.61047E+07, 6.77362E+06, 3.11419E+06, 4.03770E+06, 3.69191E+05, 1.50065E+07, 0.00000E+00, 0.00000E+00,
 6.13547E+06, 2.56329E+06, 1.41454E+07, 5.89579E+06, 2.70945E+06, 3.69686E+06, 3.21247E+05, 1.37398E+07, 0.00000E+00, 0.00000E+00,
 5.39223E+06, 2.26642E+06, 1.24322E+07, 5.13450E+06, 2.35832E+06, 3.39982E+06, 2.79012E+05, 1.26359E+07, 0.00000E+00, 0.00000E+00,
 4.74226E+06, 1.97651E+06, 1.09334E+07, 4.47397E+06, 2.05380E+06, 3.14097E+06, 2.42338E+05, 1.16739E+07, 0.00000E+00, 0.00000E+00,
 4.17386E+06, 1.69181E+06, 9.62292E+06, 3.90113E+06, 1.78959E+06, 2.91540E+06, 2.10905E+05, 1.08355E+07, 0.00000E+00, 0.00000E+00,
 3.67668E+06, 1.41215E+06, 8.47647E+06, 3.40415E+06, 1.56045E+06, 2.71881E+06, 1.83215E+05, 1.01049E+07, 0.00000E+00, 0.00000E+00,
 3.24175E+06, 1.13696E+06, 7.47382E+06, 2.97308E+06, 1.36166E+06, 2.54749E+06, 1.58822E+05, 9.46828E+06, 0.00000E+00, 0.00000E+00,
 2.86132E+06, 8.66217E+05, 6.59680E+06, 2.59914E+06, 1.18923E+06, 2.39818E+06, 1.37333E+05, 8.91342E+06, 0.00000E+00, 0.00000E+00,
 0.00000E+00, 0.00000E+00, 0.00000E+00, 0.00000E+00, 0.00000E+00, 0.00000E+00, 0.00000E+00, 0.00000E+00, 0.00000E+00, 1.76151E+19,
